cu-75%sn.500rpm-1-1451-1_1.ras,,,
X,Y,,
5,2280,,
5.01,2280,,
5.02,2310,,
5.03,2320,,
5.04,2190,,
5.05,2240,,
5.06,2390,,
5.07,2450,,
5.08,2410,,
5.09,2320,,
5.1,2300,,
5.11,2260,,
5.12,2210,,
5.13,2170,,
5.14,2110,,
5.15,2200,,
5.16,2280,,
5.17,2290,,
5.18,2300,,
5.19,2300,,
5.2,2280,,
5.21,2280,,
5.22,2310,,
5.23,2330,,
5.24,2350,,
5.25,2450,,
5.26,2500,,
5.27,2340,,
5.28,2240,,
5.29,2250,,
5.3,2220,,
5.31,2260,,
5.32,2250,,
5.33,2250,,
5.34,2160,,
5.35,2130,,
5.36,2220,,
5.37,2170,,
5.38,2160,,
5.39,2220,,
5.4,2150,,
5.41,2060,,
5.42,2110,,
5.43,2140,,
5.44,2220,,
5.45,2310,,
5.46,2250,,
5.47,2210,,
5.48,2150,,
5.49,2180,,
5.5,2280,,
5.51,2320,,
5.52,2400,,
5.53,2290,,
5.54,2130,,
5.55,2240,,
5.56,2460,,
5.57,2390,,
5.58,2180,,
5.59,2180,,
5.6,2340,,
5.61,2300,,
5.62,2180,,
5.63,2180,,
5.64,2290,,
5.65,2390,,
5.66,2290,,
5.67,2250,,
5.68,2290,,
5.69,2160,,
5.7,2190,,
5.71,2230,,
5.72,2230,,
5.73,2410,,
5.74,2520,,
5.75,2320,,
5.76,2140,,
5.77,2250,,
5.78,2370,,
5.79,2390,,
5.8,2300,,
5.81,2260,,
5.82,2320,,
5.83,2350,,
5.84,2300,,
5.85,2260,,
5.86,2330,,
5.87,2310,,
5.88,2210,,
5.89,2280,,
5.9,2410,,
5.91,2360,,
5.92,2240,,
5.93,2280,,
5.94,2370,,
5.95,2470,,
5.96,2270,,
5.97,2230,,
5.98,2320,,
5.99,2290,,
6,2330,,
6.01,2320,,
6.02,2270,,
6.03,2260,,
6.04,2090,,
6.05,2090,,
6.06,2160,,
6.07,2130,,
6.08,2230,,
6.09,2270,,
6.1,2120,,
6.11,2150,,
6.12,2300,,
6.13,2230,,
6.14,2260,,
6.15,2240,,
6.16,2160,,
6.17,2270,,
6.18,2310,,
6.19,2280,,
6.2,2210,,
6.21,2170,,
6.22,2060,,
6.23,2070,,
6.24,2250,,
6.25,2240,,
6.26,2150,,
6.27,2170,,
6.28,2100,,
6.29,1950,,
6.3,2010,,
6.31,2070,,
6.32,2270,,
6.33,2420,,
6.34,2320,,
6.35,2240,,
6.36,2100,,
6.37,2100,,
6.38,2180,,
6.39,2050,,
6.4,2010,,
6.41,2080,,
6.42,2030,,
6.43,2040,,
6.44,2250,,
6.45,2320,,
6.46,2270,,
6.47,2230,,
6.48,2190,,
6.49,2170,,
6.5,2190,,
6.51,2130,,
6.52,2230,,
6.53,2350,,
6.54,2380,,
6.55,2310,,
6.56,2180,,
6.57,2260,,
6.58,2290,,
6.59,2230,,
6.6,2270,,
6.61,2290,,
6.62,2270,,
6.63,2140,,
6.64,2150,,
6.65,2300,,
6.66,2330,,
6.67,2280,,
6.68,2280,,
6.69,2300,,
6.7,2310,,
6.71,2230,,
6.72,2230,,
6.73,2320,,
6.74,2250,,
6.75,2230,,
6.76,2250,,
6.77,2140,,
6.78,2230,,
6.79,2320,,
6.8,2280,,
6.81,2370,,
6.82,2480,,
6.83,2440,,
6.84,2300,,
6.85,2300,,
6.86,2320,,
6.87,2340,,
6.88,2450,,
6.89,2430,,
6.9,2370,,
6.91,2370,,
6.92,2420,,
6.93,2380,,
6.94,2240,,
6.95,2250,,
6.96,2290,,
6.97,2330,,
6.98,2340,,
6.99,2280,,
7,2320,,
7.01,2400,,
7.02,2410,,
7.03,2400,,
7.04,2340,,
7.05,2290,,
7.06,2200,,
7.07,2190,,
7.08,2280,,
7.09,2280,,
7.1,2290,,
7.11,2250,,
7.12,2230,,
7.13,2310,,
7.14,2410,,
7.15,2450,,
7.16,2450,,
7.17,2300,,
7.18,2160,,
7.19,2200,,
7.2,2190,,
7.21,2170,,
7.22,2320,,
7.23,2380,,
7.24,2380,,
7.25,2480,,
7.26,2460,,
7.27,2450,,
7.28,2560,,
7.29,2550,,
7.3,2480,,
7.31,2410,,
7.32,2420,,
7.33,2530,,
7.34,2410,,
7.35,2290,,
7.36,2440,,
7.37,2510,,
7.38,2470,,
7.39,2400,,
7.4,2370,,
7.41,2420,,
7.42,2420,,
7.43,2400,,
7.44,2420,,
7.45,2390,,
7.46,2230,,
7.47,2220,,
7.48,2350,,
7.49,2350,,
7.5,2300,,
7.51,2250,,
7.52,2230,,
7.53,2260,,
7.54,2330,,
7.55,2370,,
7.56,2350,,
7.57,2290,,
7.58,2380,,
7.59,2450,,
7.6,2380,,
7.61,2340,,
7.62,2230,,
7.63,2200,,
7.64,2480,,
7.65,2670,,
7.66,2540,,
7.67,2400,,
7.68,2300,,
7.69,2270,,
7.7,2320,,
7.71,2400,,
7.72,2410,,
7.73,2420,,
7.74,2490,,
7.75,2530,,
7.76,2510,,
7.77,2470,,
7.78,2400,,
7.79,2340,,
7.8,2360,,
7.81,2360,,
7.82,2310,,
7.83,2340,,
7.84,2470,,
7.85,2460,,
7.86,2410,,
7.87,2440,,
7.88,2590,,
7.89,2630,,
7.9,2410,,
7.91,2360,,
7.92,2490,,
7.93,2490,,
7.94,2350,,
7.95,2320,,
7.96,2400,,
7.97,2350,,
7.98,2390,,
7.99,2470,,
8,2360,,
8.01,2360,,
8.02,2550,,
8.03,2530,,
8.04,2400,,
8.05,2550,,
8.06,2630,,
8.07,2490,,
8.08,2350,,
8.09,2460,,
8.1,2610,,
8.11,2550,,
8.12,2570,,
8.13,2590,,
8.14,2460,,
8.15,2450,,
8.16,2510,,
8.17,2600,,
8.18,2610,,
8.19,2400,,
8.2,2360,,
8.21,2410,,
8.22,2480,,
8.23,2550,,
8.24,2490,,
8.25,2440,,
8.26,2360,,
8.27,2390,,
8.28,2550,,
8.29,2540,,
8.3,2480,,
8.31,2490,,
8.32,2430,,
8.33,2490,,
8.34,2550,,
8.35,2420,,
8.36,2370,,
8.37,2450,,
8.38,2600,,
8.39,2680,,
8.4,2550,,
8.41,2420,,
8.42,2450,,
8.43,2510,,
8.44,2420,,
8.45,2440,,
8.46,2580,,
8.47,2450,,
8.48,2360,,
8.49,2570,,
8.5,2590,,
8.51,2580,,
8.52,2610,,
8.53,2530,,
8.54,2570,,
8.55,2570,,
8.56,2570,,
8.57,2640,,
8.58,2630,,
8.59,2530,,
8.6,2510,,
8.61,2600,,
8.62,2660,,
8.63,2620,,
8.64,2560,,
8.65,2510,,
8.66,2540,,
8.67,2640,,
8.68,2640,,
8.69,2510,,
8.7,2480,,
8.71,2560,,
8.72,2610,,
8.73,2650,,
8.74,2600,,
8.75,2440,,
8.76,2350,,
8.77,2420,,
8.78,2540,,
8.79,2580,,
8.8,2620,,
8.81,2570,,
8.82,2580,,
8.83,2700,,
8.84,2680,,
8.85,2580,,
8.86,2640,,
8.87,2730,,
8.88,2730,,
8.89,2670,,
8.9,2570,,
8.91,2480,,
8.92,2540,,
8.93,2590,,
8.94,2560,,
8.95,2510,,
8.96,2520,,
8.97,2590,,
8.98,2540,,
8.99,2510,,
9,2560,,
9.01,2480,,
9.02,2410,,
9.03,2460,,
9.04,2500,,
9.05,2510,,
9.06,2620,,
9.07,2750,,
9.08,2740,,
9.09,2660,,
9.1,2640,,
9.11,2590,,
9.12,2570,,
9.13,2650,,
9.14,2640,,
9.15,2550,,
9.16,2730,,
9.17,2710,,
9.18,2630,,
9.19,2600,,
9.2,2490,,
9.21,2450,,
9.22,2480,,
9.23,2590,,
9.24,2640,,
9.25,2610,,
9.26,2600,,
9.27,2600,,
9.28,2700,,
9.29,2640,,
9.3,2460,,
9.31,2450,,
9.32,2550,,
9.33,2640,,
9.34,2630,,
9.35,2600,,
9.36,2650,,
9.37,2630,,
9.38,2640,,
9.39,2720,,
9.4,2740,,
9.41,2700,,
9.42,2790,,
9.43,2820,,
9.44,2720,,
9.45,2640,,
9.46,2620,,
9.47,2560,,
9.48,2580,,
9.49,2630,,
9.5,2480,,
9.51,2410,,
9.52,2540,,
9.53,2720,,
9.54,2770,,
9.55,2740,,
9.56,2700,,
9.57,2690,,
9.58,2490,,
9.59,2560,,
9.6,2740,,
9.61,2690,,
9.62,2640,,
9.63,2740,,
9.64,2760,,
9.65,2730,,
9.66,2700,,
9.67,2750,,
9.68,2740,,
9.69,2830,,
9.7,2880,,
9.71,2890,,
9.72,2950,,
9.73,2790,,
9.74,2730,,
9.75,2740,,
9.76,2670,,
9.77,2620,,
9.78,2640,,
9.79,2720,,
9.8,2760,,
9.81,2640,,
9.82,2550,,
9.83,2590,,
9.84,2730,,
9.85,2810,,
9.86,2820,,
9.87,2860,,
9.88,2940,,
9.89,2950,,
9.9,2890,,
9.91,2890,,
9.92,2760,,
9.93,2700,,
9.94,2640,,
9.95,2710,,
9.96,2740,,
9.97,2770,,
9.98,2590,,
9.99,2650,,
10,2660,,
10.01,2730,,
10.02,2730,,
10.03,2610,,
10.04,2640,,
10.05,2770,,
10.06,2770,,
10.07,2650,,
10.08,2660,,
10.09,2740,,
10.1,2820,,
10.11,2900,,
10.12,2970,,
10.13,2850,,
10.14,2680,,
10.15,2730,,
10.16,2740,,
10.17,2680,,
10.18,2670,,
10.19,2790,,
10.2,2970,,
10.21,3020,,
10.22,2980,,
10.23,2850,,
10.24,2730,,
10.25,2680,,
10.26,2640,,
10.27,2700,,
10.28,2800,,
10.29,2770,,
10.3,2750,,
10.31,2850,,
10.32,2930,,
10.33,2850,,
10.34,2630,,
10.35,2700,,
10.36,3020,,
10.37,3110,,
10.38,2990,,
10.39,2740,,
10.4,2560,,
10.41,2680,,
10.42,2860,,
10.43,2820,,
10.44,2660,,
10.45,2750,,
10.46,2870,,
10.47,2890,,
10.48,2880,,
10.49,2890,,
10.5,2840,,
10.51,2850,,
10.52,3010,,
10.53,3100,,
10.54,2990,,
10.55,2870,,
10.56,2860,,
10.57,2930,,
10.58,3010,,
10.59,2960,,
10.6,3090,,
10.61,3010,,
10.62,2920,,
10.63,2920,,
10.64,2830,,
10.65,2750,,
10.66,2740,,
10.67,2680,,
10.68,2680,,
10.69,2690,,
10.7,2810,,
10.71,2800,,
10.72,2810,,
10.73,2820,,
10.74,2870,,
10.75,2900,,
10.76,2760,,
10.77,2740,,
10.78,2920,,
10.79,2870,,
10.8,2820,,
10.81,2740,,
10.82,2700,,
10.83,2860,,
10.84,2950,,
10.85,3030,,
10.86,3010,,
10.87,2930,,
10.88,2830,,
10.89,2810,,
10.9,2940,,
10.91,2830,,
10.92,2790,,
10.93,2880,,
10.94,2980,,
10.95,2870,,
10.96,2760,,
10.97,2930,,
10.98,2970,,
10.99,2910,,
11,2790,,
11.01,2930,,
11.02,2980,,
11.03,2900,,
11.04,2810,,
11.05,2800,,
11.06,2710,,
11.07,2690,,
11.08,2720,,
11.09,2850,,
11.1,2940,,
11.11,2970,,
11.12,2940,,
11.13,2940,,
11.14,2930,,
11.15,2950,,
11.16,3020,,
11.17,3050,,
11.18,3100,,
11.19,3030,,
11.2,2960,,
11.21,2910,,
11.22,2700,,
11.23,2710,,
11.24,2690,,
11.25,2940,,
11.26,3080,,
11.27,2910,,
11.28,2660,,
11.29,2700,,
11.3,2820,,
11.31,2950,,
11.32,2950,,
11.33,2910,,
11.34,3030,,
11.35,3130,,
11.36,2890,,
11.37,2830,,
11.38,2850,,
11.39,2810,,
11.4,2840,,
11.41,2920,,
11.42,2970,,
11.43,2950,,
11.44,3000,,
11.45,2990,,
11.46,2840,,
11.47,2800,,
11.48,2930,,
11.49,2850,,
11.5,2960,,
11.51,3020,,
11.52,2960,,
11.53,3070,,
11.54,3000,,
11.55,2950,,
11.56,2860,,
11.57,2910,,
11.58,3020,,
11.59,3080,,
11.6,3030,,
11.61,2970,,
11.62,2880,,
11.63,3050,,
11.64,2850,,
11.65,2770,,
11.66,2640,,
11.67,2860,,
11.68,3040,,
11.69,3100,,
11.7,3110,,
11.71,3040,,
11.72,2800,,
11.73,2880,,
11.74,2890,,
11.75,2860,,
11.76,2950,,
11.77,2980,,
11.78,2950,,
11.79,3070,,
11.8,2970,,
11.81,3030,,
11.82,3060,,
11.83,3020,,
11.84,3060,,
11.85,2950,,
11.86,3160,,
11.87,2970,,
11.88,2930,,
11.89,3130,,
11.9,3030,,
11.91,3050,,
11.92,3010,,
11.93,2950,,
11.94,3080,,
11.95,3150,,
11.96,2980,,
11.97,2910,,
11.98,3060,,
11.99,2980,,
12,2950,,
12.01,2980,,
12.02,2970,,
12.03,3240,,
12.04,2990,,
12.05,2880,,
12.06,3120,,
12.07,3070,,
12.08,2810,,
12.09,2790,,
12.1,2860,,
12.11,3100,,
12.12,2910,,
12.13,2750,,
12.14,2960,,
12.15,2930,,
12.16,2950,,
12.17,2950,,
12.18,2900,,
12.19,2980,,
12.2,2840,,
12.21,2900,,
12.22,2910,,
12.23,3000,,
12.24,2980,,
12.25,3010,,
12.26,2850,,
12.27,3040,,
12.28,2860,,
12.29,2920,,
12.3,3080,,
12.31,2970,,
12.32,3160,,
12.33,3240,,
12.34,3170,,
12.35,3080,,
12.36,3010,,
12.37,3040,,
12.38,3080,,
12.39,3130,,
12.4,3040,,
12.41,2940,,
12.42,2970,,
12.43,3020,,
12.44,3040,,
12.45,2930,,
12.46,3000,,
12.47,3110,,
12.48,3040,,
12.49,3040,,
12.5,3080,,
12.51,3090,,
12.52,3100,,
12.53,3020,,
12.54,2880,,
12.55,2840,,
12.56,2990,,
12.57,3040,,
12.58,2930,,
12.59,2950,,
12.6,3050,,
12.61,3100,,
12.62,3120,,
12.63,3240,,
12.64,3270,,
12.65,3110,,
12.66,3020,,
12.67,3240,,
12.68,3090,,
12.69,3290,,
12.7,3080,,
12.71,3130,,
12.72,3240,,
12.73,3050,,
12.74,3160,,
12.75,3050,,
12.76,3090,,
12.77,3150,,
12.78,3190,,
12.79,2930,,
12.8,2920,,
12.81,2940,,
12.82,3090,,
12.83,3150,,
12.84,3000,,
12.85,3160,,
12.86,3340,,
12.87,3340,,
12.88,3140,,
12.89,3070,,
12.9,2960,,
12.91,2840,,
12.92,3050,,
12.93,3190,,
12.94,3090,,
12.95,3160,,
12.96,3010,,
12.97,3100,,
12.98,3250,,
12.99,3070,,
13,2990,,
13.01,2790,,
13.02,2880,,
13.03,3080,,
13.04,3060,,
13.05,3080,,
13.06,3070,,
13.07,2950,,
13.08,3060,,
13.09,3240,,
13.1,3210,,
13.11,3160,,
13.12,3190,,
13.13,3070,,
13.14,2980,,
13.15,3090,,
13.16,3090,,
13.17,2930,,
13.18,3190,,
13.19,3220,,
13.2,3320,,
13.21,3400,,
13.22,3180,,
13.23,2980,,
13.24,3000,,
13.25,2970,,
13.26,2830,,
13.27,3110,,
13.28,3290,,
13.29,3200,,
13.3,3020,,
13.31,3100,,
13.32,3080,,
13.33,3190,,
13.34,2980,,
13.35,2970,,
13.36,3110,,
13.37,3310,,
13.38,3180,,
13.39,3040,,
13.4,3300,,
13.41,3460,,
13.42,3290,,
13.43,3120,,
13.44,3000,,
13.45,3050,,
13.46,3030,,
13.47,3100,,
13.48,3300,,
13.49,3320,,
13.5,3170,,
13.51,3330,,
13.52,3310,,
13.53,3410,,
13.54,3220,,
13.55,3070,,
13.56,3130,,
13.57,3130,,
13.58,3060,,
13.59,3180,,
13.6,3120,,
13.61,3070,,
13.62,3130,,
13.63,2960,,
13.64,3270,,
13.65,3550,,
13.66,3330,,
13.67,2980,,
13.68,3020,,
13.69,3110,,
13.7,2960,,
13.71,3100,,
13.72,3250,,
13.73,3180,,
13.74,3170,,
13.75,2970,,
13.76,2880,,
13.77,3130,,
13.78,3300,,
13.79,3200,,
13.8,3100,,
13.81,3250,,
13.82,3030,,
13.83,2920,,
13.84,3030,,
13.85,3070,,
13.86,3230,,
13.87,3370,,
13.88,3090,,
13.89,2950,,
13.9,3170,,
13.91,3090,,
13.92,3080,,
13.93,2890,,
13.94,2910,,
13.95,2700,,
13.96,2940,,
13.97,2910,,
13.98,2960,,
13.99,3010,,
14,3150,,
14.01,3020,,
14.02,2870,,
14.03,2870,,
14.04,2940,,
14.05,3090,,
14.06,2890,,
14.07,2990,,
14.08,3200,,
14.09,3180,,
14.1,3200,,
14.11,3370,,
14.12,3200,,
14.13,2980,,
14.14,2950,,
14.15,2930,,
14.16,3130,,
14.17,3090,,
14.18,3090,,
14.19,3110,,
14.2,3220,,
14.21,3120,,
14.22,3380,,
14.23,2970,,
14.24,2770,,
14.25,3100,,
14.26,3210,,
14.27,3140,,
14.28,2990,,
14.29,2880,,
14.3,2760,,
14.31,2810,,
14.32,2960,,
14.33,3060,,
14.34,3090,,
14.35,2990,,
14.36,3110,,
14.37,3080,,
14.38,3180,,
14.39,2940,,
14.4,2860,,
14.41,2890,,
14.42,2830,,
14.43,3050,,
14.44,3180,,
14.45,3080,,
14.46,3110,,
14.47,3080,,
14.48,3060,,
14.49,2980,,
14.5,2900,,
14.51,2990,,
14.52,3000,,
14.53,2860,,
14.54,2780,,
14.55,3010,,
14.56,3150,,
14.57,2870,,
14.58,2910,,
14.59,2800,,
14.6,2870,,
14.61,3080,,
14.62,3000,,
14.63,2810,,
14.64,2950,,
14.65,3050,,
14.66,3130,,
14.67,2970,,
14.68,2970,,
14.69,3000,,
14.7,3150,,
14.71,3010,,
14.72,2990,,
14.73,2990,,
14.74,3040,,
14.75,2950,,
14.76,2860,,
14.77,3070,,
14.78,3050,,
14.79,2940,,
14.8,2900,,
14.81,3140,,
14.82,3110,,
14.83,3070,,
14.84,2910,,
14.85,2950,,
14.86,2880,,
14.87,2960,,
14.88,2890,,
14.89,2960,,
14.9,2940,,
14.91,3140,,
14.92,3120,,
14.93,3060,,
14.94,3010,,
14.95,2910,,
14.96,2950,,
14.97,2940,,
14.98,3190,,
14.99,3170,,
15,3250,,
15.01,2930,,
15.02,3110,,
15.03,2970,,
15.04,3050,,
15.05,2810,,
15.06,2870,,
15.07,2990,,
15.08,2790,,
15.09,2950,,
15.1,2940,,
15.11,2800,,
15.12,2970,,
15.13,2940,,
15.14,2950,,
15.15,3060,,
15.16,3000,,
15.17,2790,,
15.18,2830,,
15.19,3000,,
15.2,3100,,
15.21,3090,,
15.22,3100,,
15.23,2970,,
15.24,3000,,
15.25,2970,,
15.26,2940,,
15.27,2860,,
15.28,2920,,
15.29,2840,,
15.3,2900,,
15.31,2910,,
15.32,2950,,
15.33,2800,,
15.34,2750,,
15.35,2870,,
15.36,2750,,
15.37,2900,,
15.38,2870,,
15.39,3020,,
15.4,3000,,
15.41,2910,,
15.42,2770,,
15.43,2970,,
15.44,3010,,
15.45,2870,,
15.46,2700,,
15.47,2820,,
15.48,2960,,
15.49,2920,,
15.5,2860,,
15.51,3000,,
15.52,2950,,
15.53,2820,,
15.54,2840,,
15.55,2800,,
15.56,2910,,
15.57,3130,,
15.58,3190,,
15.59,3070,,
15.6,2870,,
15.61,3030,,
15.62,2950,,
15.63,2890,,
15.64,2860,,
15.65,3030,,
15.66,3030,,
15.67,3050,,
15.68,2760,,
15.69,2870,,
15.7,2860,,
15.71,2900,,
15.72,2930,,
15.73,2960,,
15.74,3120,,
15.75,2860,,
15.76,2790,,
15.77,2790,,
15.78,2610,,
15.79,2790,,
15.8,2970,,
15.81,2920,,
15.82,3110,,
15.83,3160,,
15.84,2890,,
15.85,2910,,
15.86,3130,,
15.87,3130,,
15.88,2790,,
15.89,2760,,
15.9,2900,,
15.91,2770,,
15.92,2590,,
15.93,2660,,
15.94,2870,,
15.95,2860,,
15.96,2870,,
15.97,3000,,
15.98,2910,,
15.99,2910,,
16,2880,,
16.01,2890,,
16.02,2820,,
16.03,2860,,
16.04,2840,,
16.05,2870,,
16.06,3030,,
16.07,2860,,
16.08,2790,,
16.09,2810,,
16.1,2730,,
16.11,2910,,
16.12,2900,,
16.13,2800,,
16.14,2740,,
16.15,2720,,
16.16,2960,,
16.17,3090,,
16.18,2880,,
16.19,2850,,
16.2,2860,,
16.21,2810,,
16.22,2900,,
16.23,2900,,
16.24,2940,,
16.25,3070,,
16.26,2960,,
16.27,2770,,
16.28,2830,,
16.29,2750,,
16.3,3000,,
16.31,2800,,
16.32,2630,,
16.33,2730,,
16.34,2780,,
16.35,2830,,
16.36,2930,,
16.37,2900,,
16.38,2780,,
16.39,2770,,
16.4,2760,,
16.41,2700,,
16.42,2660,,
16.43,2750,,
16.44,2790,,
16.45,2900,,
16.46,2860,,
16.47,2750,,
16.48,2900,,
16.49,3000,,
16.5,2980,,
16.51,2790,,
16.52,2610,,
16.53,2670,,
16.54,2700,,
16.55,2910,,
16.56,2780,,
16.57,2670,,
16.58,2700,,
16.59,2820,,
16.6,2690,,
16.61,2690,,
16.62,2740,,
16.63,2800,,
16.64,2670,,
16.65,2730,,
16.66,2960,,
16.67,2950,,
16.68,2900,,
16.69,2830,,
16.7,2950,,
16.71,2890,,
16.72,2780,,
16.73,2880,,
16.74,3110,,
16.75,3080,,
16.76,3020,,
16.77,2690,,
16.78,2710,,
16.79,2760,,
16.8,2780,,
16.81,2850,,
16.82,2810,,
16.83,2830,,
16.84,2890,,
16.85,2870,,
16.86,2720,,
16.87,2670,,
16.88,2820,,
16.89,2820,,
16.9,2810,,
16.91,2880,,
16.92,2990,,
16.93,2820,,
16.94,2650,,
16.95,2730,,
16.96,2830,,
16.97,2860,,
16.98,2780,,
16.99,2770,,
17,2760,,
17.01,2910,,
17.02,2920,,
17.03,2850,,
17.04,2820,,
17.05,2750,,
17.06,2850,,
17.07,2960,,
17.08,2860,,
17.09,2890,,
17.1,2850,,
17.11,2890,,
17.12,2860,,
17.13,2940,,
17.14,2810,,
17.15,2790,,
17.16,2690,,
17.17,2850,,
17.18,3070,,
17.19,3050,,
17.2,2870,,
17.21,2820,,
17.22,2820,,
17.23,2940,,
17.24,2790,,
17.25,2680,,
17.26,2800,,
17.27,2760,,
17.28,2890,,
17.29,2890,,
17.3,2810,,
17.31,2830,,
17.32,2800,,
17.33,2620,,
17.34,2620,,
17.35,2570,,
17.36,2820,,
17.37,2850,,
17.38,2770,,
17.39,2800,,
17.4,2770,,
17.41,2720,,
17.42,2620,,
17.43,2570,,
17.44,2570,,
17.45,2560,,
17.46,2660,,
17.47,2720,,
17.48,2720,,
17.49,2880,,
17.5,2840,,
17.51,2670,,
17.52,2730,,
17.53,2820,,
17.54,2710,,
17.55,2710,,
17.56,2770,,
17.57,2900,,
17.58,2880,,
17.59,2800,,
17.6,2720,,
17.61,2660,,
17.62,2680,,
17.63,2680,,
17.64,2720,,
17.65,2750,,
17.66,2820,,
17.67,2800,,
17.68,2750,,
17.69,2730,,
17.7,2660,,
17.71,2740,,
17.72,2880,,
17.73,2800,,
17.74,2820,,
17.75,2810,,
17.76,2650,,
17.77,2570,,
17.78,2580,,
17.79,2600,,
17.8,2630,,
17.81,2810,,
17.82,2800,,
17.83,2680,,
17.84,2630,,
17.85,2710,,
17.86,2800,,
17.87,2720,,
17.88,2690,,
17.89,2740,,
17.9,2690,,
17.91,2840,,
17.92,2990,,
17.93,2840,,
17.94,2730,,
17.95,2780,,
17.96,2760,,
17.97,2690,,
17.98,2690,,
17.99,2730,,
18,2720,,
18.01,2700,,
18.02,2720,,
18.03,2810,,
18.04,2710,,
18.05,2510,,
18.06,2530,,
18.07,2720,,
18.08,2720,,
18.09,2700,,
18.1,2650,,
18.11,2650,,
18.12,2700,,
18.13,2740,,
18.14,2730,,
18.15,2810,,
18.16,2700,,
18.17,2610,,
18.18,2580,,
18.19,2440,,
18.2,2570,,
18.21,2700,,
18.22,2530,,
18.23,2490,,
18.24,2650,,
18.25,2770,,
18.26,2760,,
18.27,2750,,
18.28,2700,,
18.29,2590,,
18.3,2670,,
18.31,2760,,
18.32,2720,,
18.33,2680,,
18.34,2660,,
18.35,2580,,
18.36,2600,,
18.37,2660,,
18.38,2690,,
18.39,2750,,
18.4,2670,,
18.41,2500,,
18.42,2490,,
18.43,2590,,
18.44,2720,,
18.45,2710,,
18.46,2640,,
18.47,2680,,
18.48,2770,,
18.49,2820,,
18.5,2800,,
18.51,2860,,
18.52,2790,,
18.53,2570,,
18.54,2400,,
18.55,2590,,
18.56,2700,,
18.57,2670,,
18.58,2630,,
18.59,2650,,
18.6,2580,,
18.61,2430,,
18.62,2440,,
18.63,2520,,
18.64,2580,,
18.65,2590,,
18.66,2580,,
18.67,2450,,
18.68,2460,,
18.69,2690,,
18.7,2640,,
18.71,2500,,
18.72,2540,,
18.73,2620,,
18.74,2620,,
18.75,2630,,
18.76,2710,,
18.77,2700,,
18.78,2540,,
18.79,2460,,
18.8,2480,,
18.81,2470,,
18.82,2350,,
18.83,2340,,
18.84,2610,,
18.85,2770,,
18.86,2780,,
18.87,2640,,
18.88,2500,,
18.89,2540,,
18.9,2580,,
18.91,2530,,
18.92,2510,,
18.93,2560,,
18.94,2630,,
18.95,2540,,
18.96,2420,,
18.97,2360,,
18.98,2420,,
18.99,2550,,
19,2440,,
19.01,2350,,
19.02,2440,,
19.03,2450,,
19.04,2440,,
19.05,2420,,
19.06,2520,,
19.07,2680,,
19.08,2650,,
19.09,2560,,
19.1,2480,,
19.11,2400,,
19.12,2420,,
19.13,2440,,
19.14,2510,,
19.15,2620,,
19.16,2570,,
19.17,2520,,
19.18,2550,,
19.19,2570,,
19.2,2600,,
19.21,2650,,
19.22,2630,,
19.23,2630,,
19.24,2560,,
19.25,2470,,
19.26,2510,,
19.27,2620,,
19.28,2700,,
19.29,2630,,
19.3,2560,,
19.31,2640,,
19.32,2750,,
19.33,2670,,
19.34,2540,,
19.35,2580,,
19.36,2610,,
19.37,2610,,
19.38,2580,,
19.39,2500,,
19.4,2580,,
19.41,2670,,
19.42,2610,,
19.43,2580,,
19.44,2620,,
19.45,2560,,
19.46,2450,,
19.47,2460,,
19.48,2480,,
19.49,2350,,
19.5,2420,,
19.51,2570,,
19.52,2510,,
19.53,2490,,
19.54,2460,,
19.55,2480,,
19.56,2530,,
19.57,2470,,
19.58,2450,,
19.59,2490,,
19.6,2420,,
19.61,2340,,
19.62,2300,,
19.63,2400,,
19.64,2550,,
19.65,2450,,
19.66,2430,,
19.67,2330,,
19.68,2260,,
19.69,2360,,
19.7,2440,,
19.71,2460,,
19.72,2380,,
19.73,2500,,
19.74,2570,,
19.75,2480,,
19.76,2420,,
19.77,2390,,
19.78,2270,,
19.79,2240,,
19.8,2410,,
19.81,2500,,
19.82,2460,,
19.83,2390,,
19.84,2390,,
19.85,2440,,
19.86,2350,,
19.87,2410,,
19.88,2480,,
19.89,2430,,
19.9,2440,,
19.91,2400,,
19.92,2360,,
19.93,2540,,
19.94,2580,,
19.95,2400,,
19.96,2420,,
19.97,2520,,
19.98,2480,,
19.99,2430,,
20,2460,,
20.01,2370,,
20.02,2300,,
20.03,2330,,
20.04,2300,,
20.05,2230,,
20.06,2270,,
20.07,2340,,
20.08,2340,,
20.09,2380,,
20.1,2380,,
20.11,2410,,
20.12,2470,,
20.13,2430,,
20.14,2360,,
20.15,2300,,
20.16,2320,,
20.17,2310,,
20.18,2240,,
20.19,2330,,
20.2,2250,,
20.21,2210,,
20.22,2280,,
20.23,2330,,
20.24,2430,,
20.25,2530,,
20.26,2480,,
20.27,2430,,
20.28,2380,,
20.29,2310,,
20.3,2330,,
20.31,2440,,
20.32,2480,,
20.33,2260,,
20.34,2300,,
20.35,2360,,
20.36,2320,,
20.37,2270,,
20.38,2270,,
20.39,2320,,
20.4,2300,,
20.41,2410,,
20.42,2410,,
20.43,2430,,
20.44,2430,,
20.45,2390,,
20.46,2260,,
20.47,2240,,
20.48,2330,,
20.49,2330,,
20.5,2290,,
20.51,2270,,
20.52,2320,,
20.53,2450,,
20.54,2390,,
20.55,2350,,
20.56,2310,,
20.57,2260,,
20.58,2230,,
20.59,2290,,
20.6,2330,,
20.61,2340,,
20.62,2360,,
20.63,2220,,
20.64,2270,,
20.65,2370,,
20.66,2300,,
20.67,2210,,
20.68,2170,,
20.69,2220,,
20.7,2140,,
20.71,2200,,
20.72,2280,,
20.73,2230,,
20.74,2220,,
20.75,2390,,
20.76,2470,,
20.77,2360,,
20.78,2360,,
20.79,2450,,
20.8,2420,,
20.81,2380,,
20.82,2530,,
20.83,2420,,
20.84,2230,,
20.85,2130,,
20.86,2100,,
20.87,2210,,
20.88,2290,,
20.89,2280,,
20.9,2330,,
20.91,2260,,
20.92,2170,,
20.93,2250,,
20.94,2240,,
20.95,2210,,
20.96,2270,,
20.97,2290,,
20.98,2400,,
20.99,2390,,
21,2350,,
21.01,2310,,
21.02,2270,,
21.03,2260,,
21.04,2240,,
21.05,2140,,
21.06,1990,,
21.07,2050,,
21.08,2200,,
21.09,2240,,
21.1,2160,,
21.11,2130,,
21.12,2200,,
21.13,2160,,
21.14,2190,,
21.15,2310,,
21.16,2290,,
21.17,2120,,
21.18,2040,,
21.19,2060,,
21.2,2080,,
21.21,2200,,
21.22,2300,,
21.23,2290,,
21.24,2320,,
21.25,2270,,
21.26,2190,,
21.27,2200,,
21.28,2300,,
21.29,2260,,
21.3,2290,,
21.31,2240,,
21.32,2160,,
21.33,2240,,
21.34,2310,,
21.35,2330,,
21.36,2260,,
21.37,2170,,
21.38,2030,,
21.39,2090,,
21.4,2110,,
21.41,2160,,
21.42,2090,,
21.43,2040,,
21.44,2170,,
21.45,2220,,
21.46,2130,,
21.47,2120,,
21.48,1990,,
21.49,1910,,
21.5,2040,,
21.51,2150,,
21.52,2140,,
21.53,2100,,
21.54,2120,,
21.55,2090,,
21.56,2100,,
21.57,2160,,
21.58,2090,,
21.59,2140,,
21.6,2160,,
21.61,2260,,
21.62,2270,,
21.63,2120,,
21.64,2150,,
21.65,2000,,
21.66,2080,,
21.67,2180,,
21.68,2270,,
21.69,2380,,
21.7,2250,,
21.71,2130,,
21.72,2190,,
21.73,2210,,
21.74,2090,,
21.75,2110,,
21.76,2260,,
21.77,2190,,
21.78,2000,,
21.79,1970,,
21.8,2190,,
21.81,2210,,
21.82,2180,,
21.83,2100,,
21.84,2090,,
21.85,2140,,
21.86,2170,,
21.87,2080,,
21.88,1970,,
21.89,1950,,
21.9,2060,,
21.91,2260,,
21.92,2290,,
21.93,2040,,
21.94,1930,,
21.95,1960,,
21.96,2120,,
21.97,2130,,
21.98,2110,,
21.99,2090,,
22,2150,,
22.01,2140,,
22.02,2120,,
22.03,2120,,
22.04,2100,,
22.05,2030,,
22.06,2070,,
22.07,2010,,
22.08,1980,,
22.09,2010,,
22.1,2080,,
22.11,2070,,
22.12,2050,,
22.13,2080,,
22.14,2090,,
22.15,2140,,
22.16,2220,,
22.17,2190,,
22.18,2120,,
22.19,2120,,
22.2,2170,,
22.21,2030,,
22.22,1940,,
22.23,2130,,
22.24,2160,,
22.25,1950,,
22.26,2180,,
22.27,2130,,
22.28,2030,,
22.29,1960,,
22.3,2010,,
22.31,1950,,
22.32,1960,,
22.33,1880,,
22.34,1940,,
22.35,2170,,
22.36,2220,,
22.37,2060,,
22.38,2030,,
22.39,1930,,
22.4,2070,,
22.41,2000,,
22.42,1960,,
22.43,1860,,
22.44,1980,,
22.45,2130,,
22.46,2090,,
22.47,2080,,
22.48,2110,,
22.49,2090,,
22.5,2170,,
22.51,2130,,
22.52,1870,,
22.53,1790,,
22.54,1830,,
22.55,1900,,
22.56,1930,,
22.57,1960,,
22.58,1850,,
22.59,1900,,
22.6,1950,,
22.61,2050,,
22.62,2060,,
22.63,2160,,
22.64,2080,,
22.65,2030,,
22.66,1910,,
22.67,1690,,
22.68,1780,,
22.69,1830,,
22.7,1870,,
22.71,1900,,
22.72,2050,,
22.73,2090,,
22.74,2050,,
22.75,1980,,
22.76,2080,,
22.77,1940,,
22.78,1890,,
22.79,1890,,
22.8,2020,,
22.81,1930,,
22.82,1790,,
22.83,1890,,
22.84,1950,,
22.85,1880,,
22.86,1840,,
22.87,1920,,
22.88,2110,,
22.89,2190,,
22.9,1980,,
22.91,2030,,
22.92,1940,,
22.93,1930,,
22.94,1910,,
22.95,1950,,
22.96,1940,,
22.97,2130,,
22.98,2150,,
22.99,1940,,
23,1960,,
23.01,2070,,
23.02,1960,,
23.03,2050,,
23.04,1960,,
23.05,1790,,
23.06,1820,,
23.07,2020,,
23.08,1860,,
23.09,1930,,
23.1,1960,,
23.11,1920,,
23.12,1900,,
23.13,1890,,
23.14,1830,,
23.15,1760,,
23.16,1920,,
23.17,1880,,
23.18,1830,,
23.19,2000,,
23.2,2040,,
23.21,1900,,
23.22,1910,,
23.23,1870,,
23.24,2020,,
23.25,2000,,
23.26,1860,,
23.27,1810,,
23.28,1730,,
23.29,1780,,
23.3,1820,,
23.31,1880,,
23.32,1860,,
23.33,1960,,
23.34,2010,,
23.35,1980,,
23.36,2080,,
23.37,2100,,
23.38,1920,,
23.39,1840,,
23.4,1910,,
23.41,1880,,
23.42,1910,,
23.43,1920,,
23.44,1930,,
23.45,1840,,
23.46,2010,,
23.47,1970,,
23.48,1880,,
23.49,1620,,
23.5,1680,,
23.51,1680,,
23.52,1800,,
23.53,1940,,
23.54,1850,,
23.55,1710,,
23.56,1740,,
23.57,1880,,
23.58,2100,,
23.59,1890,,
23.6,1740,,
23.61,1850,,
23.62,1930,,
23.63,1920,,
23.64,1790,,
23.65,1820,,
23.66,2060,,
23.67,1980,,
23.68,1780,,
23.69,1740,,
23.7,1980,,
23.71,2020,,
23.72,1970,,
23.73,1930,,
23.74,1910,,
23.75,1740,,
23.76,1760,,
23.77,1830,,
23.78,1870,,
23.79,1790,,
23.8,1850,,
23.81,1730,,
23.82,1820,,
23.83,1570,,
23.84,1810,,
23.85,1890,,
23.86,1920,,
23.87,1780,,
23.88,1850,,
23.89,1960,,
23.9,1820,,
23.91,2020,,
23.92,1960,,
23.93,1750,,
23.94,1870,,
23.95,1690,,
23.96,1790,,
23.97,1650,,
23.98,1850,,
23.99,1910,,
24,1820,,
24.01,1860,,
24.02,1880,,
24.03,1760,,
24.04,1840,,
24.05,1750,,
24.06,1750,,
24.07,1770,,
24.08,1810,,
24.09,1720,,
24.1,1720,,
24.11,1710,,
24.12,1590,,
24.13,1820,,
24.14,1860,,
24.15,1930,,
24.16,1930,,
24.17,1860,,
24.18,1740,,
24.19,1630,,
24.2,1750,,
24.21,1790,,
24.22,1800,,
24.23,1670,,
24.24,1790,,
24.25,1890,,
24.26,1850,,
24.27,1680,,
24.28,1680,,
24.29,1750,,
24.3,1790,,
24.31,1750,,
24.32,1860,,
24.33,1820,,
24.34,1970,,
24.35,1870,,
24.36,1830,,
24.37,1790,,
24.38,1790,,
24.39,1810,,
24.4,1940,,
24.41,1910,,
24.42,1910,,
24.43,1730,,
24.44,1730,,
24.45,1710,,
24.46,1830,,
24.47,1810,,
24.48,1640,,
24.49,1650,,
24.5,1630,,
24.51,1750,,
24.52,1670,,
24.53,1810,,
24.54,1760,,
24.55,1680,,
24.56,1680,,
24.57,1770,,
24.58,1780,,
24.59,1710,,
24.6,1780,,
24.61,1820,,
24.62,1830,,
24.63,1870,,
24.64,1780,,
24.65,1670,,
24.66,1630,,
24.67,1670,,
24.68,1790,,
24.69,1760,,
24.7,1760,,
24.71,1910,,
24.72,1800,,
24.73,1750,,
24.74,1800,,
24.75,1900,,
24.76,1810,,
24.77,1770,,
24.78,1740,,
24.79,1760,,
24.8,1570,,
24.81,1650,,
24.82,1750,,
24.83,1820,,
24.84,1800,,
24.85,1730,,
24.86,1720,,
24.87,1690,,
24.88,1620,,
24.89,1590,,
24.9,1670,,
24.91,1670,,
24.92,1720,,
24.93,1670,,
24.94,1520,,
24.95,1700,,
24.96,1760,,
24.97,1670,,
24.98,1670,,
24.99,1680,,
25,1680,,
25.01,1790,,
25.02,1730,,
25.03,1720,,
25.04,1730,,
25.05,1690,,
25.06,1580,,
25.07,1500,,
25.08,1650,,
25.09,1680,,
25.1,1670,,
25.11,1710,,
25.12,1750,,
25.13,1780,,
25.14,1720,,
25.15,1700,,
25.16,1770,,
25.17,1710,,
25.18,1570,,
25.19,1750,,
25.2,1860,,
25.21,1630,,
25.22,1610,,
25.23,1800,,
25.24,1760,,
25.25,1680,,
25.26,1680,,
25.27,1670,,
25.28,1770,,
25.29,1750,,
25.3,1700,,
25.31,1680,,
25.32,1640,,
25.33,1690,,
25.34,1700,,
25.35,1730,,
25.36,1730,,
25.37,1770,,
25.38,1690,,
25.39,1550,,
25.4,1640,,
25.41,1770,,
25.42,1780,,
25.43,1730,,
25.44,1770,,
25.45,1750,,
25.46,1660,,
25.47,1690,,
25.48,1640,,
25.49,1600,,
25.5,1750,,
25.51,1820,,
25.52,1670,,
25.53,1610,,
25.54,1650,,
25.55,1780,,
25.56,1820,,
25.57,1670,,
25.58,1600,,
25.59,1630,,
25.6,1740,,
25.61,1790,,
25.62,1700,,
25.63,1720,,
25.64,1810,,
25.65,1680,,
25.66,1500,,
25.67,1580,,
25.68,1680,,
25.69,1640,,
25.7,1650,,
25.71,1730,,
25.72,1760,,
25.73,1750,,
25.74,1850,,
25.75,1870,,
25.76,1760,,
25.77,1800,,
25.78,1700,,
25.79,1560,,
25.8,1730,,
25.81,1870,,
25.82,1760,,
25.83,1750,,
25.84,1660,,
25.85,1660,,
25.86,1640,,
25.87,1640,,
25.88,1700,,
25.89,1540,,
25.9,1570,,
25.91,1550,,
25.92,1560,,
25.93,1680,,
25.94,1560,,
25.95,1460,,
25.96,1560,,
25.97,1650,,
25.98,1640,,
25.99,1670,,
26,1730,,
26.01,1700,,
26.02,1650,,
26.03,1650,,
26.04,1680,,
26.05,1700,,
26.06,1650,,
26.07,1600,,
26.08,1710,,
26.09,1640,,
26.1,1600,,
26.11,1710,,
26.12,1670,,
26.13,1650,,
26.14,1700,,
26.15,1600,,
26.16,1500,,
26.17,1560,,
26.18,1550,,
26.19,1510,,
26.2,1520,,
26.21,1470,,
26.22,1470,,
26.23,1460,,
26.24,1650,,
26.25,1740,,
26.26,1730,,
26.27,1570,,
26.28,1600,,
26.29,1740,,
26.3,1610,,
26.31,1670,,
26.32,1870,,
26.33,1830,,
26.34,1680,,
26.35,1640,,
26.36,1630,,
26.37,1700,,
26.38,1670,,
26.39,1510,,
26.4,1550,,
26.41,1520,,
26.42,1520,,
26.43,1570,,
26.44,1600,,
26.45,1530,,
26.46,1570,,
26.47,1760,,
26.48,1660,,
26.49,1620,,
26.5,1650,,
26.51,1700,,
26.52,1540,,
26.53,1390,,
26.54,1520,,
26.55,1570,,
26.56,1490,,
26.57,1540,,
26.58,1630,,
26.59,1530,,
26.6,1490,,
26.61,1510,,
26.62,1540,,
26.63,1570,,
26.64,1510,,
26.65,1480,,
26.66,1630,,
26.67,1590,,
26.68,1580,,
26.69,1530,,
26.7,1460,,
26.71,1520,,
26.72,1630,,
26.73,1690,,
26.74,1650,,
26.75,1530,,
26.76,1510,,
26.77,1540,,
26.78,1640,,
26.79,1560,,
26.8,1470,,
26.81,1510,,
26.82,1560,,
26.83,1630,,
26.84,1520,,
26.85,1380,,
26.86,1410,,
26.87,1500,,
26.88,1510,,
26.89,1580,,
26.9,1560,,
26.91,1550,,
26.92,1530,,
26.93,1510,,
26.94,1420,,
26.95,1450,,
26.96,1520,,
26.97,1480,,
26.98,1480,,
26.99,1530,,
27,1570,,
27.01,1560,,
27.02,1530,,
27.03,1500,,
27.04,1520,,
27.05,1640,,
27.06,1630,,
27.07,1590,,
27.08,1480,,
27.09,1430,,
27.1,1510,,
27.11,1570,,
27.12,1610,,
27.13,1570,,
27.14,1580,,
27.15,1630,,
27.16,1620,,
27.17,1680,,
27.18,1750,,
27.19,1640,,
27.2,1560,,
27.21,1600,,
27.22,1530,,
27.23,1480,,
27.24,1510,,
27.25,1470,,
27.26,1480,,
27.27,1430,,
27.28,1370,,
27.29,1500,,
27.3,1560,,
27.31,1570,,
27.32,1550,,
27.33,1470,,
27.34,1460,,
27.35,1440,,
27.36,1520,,
27.37,1640,,
27.38,1550,,
27.39,1420,,
27.4,1400,,
27.41,1450,,
27.42,1470,,
27.43,1390,,
27.44,1340,,
27.45,1420,,
27.46,1490,,
27.47,1520,,
27.48,1620,,
27.49,1680,,
27.5,1650,,
27.51,1580,,
27.52,1430,,
27.53,1430,,
27.54,1480,,
27.55,1540,,
27.56,1670,,
27.57,1600,,
27.58,1440,,
27.59,1470,,
27.6,1520,,
27.61,1630,,
27.62,1650,,
27.63,1490,,
27.64,1500,,
27.65,1580,,
27.66,1510,,
27.67,1360,,
27.68,1370,,
27.69,1470,,
27.7,1450,,
27.71,1380,,
27.72,1400,,
27.73,1520,,
27.74,1560,,
27.75,1550,,
27.76,1570,,
27.77,1580,,
27.78,1520,,
27.79,1440,,
27.8,1480,,
27.81,1560,,
27.82,1560,,
27.83,1500,,
27.84,1450,,
27.85,1430,,
27.86,1420,,
27.87,1440,,
27.88,1470,,
27.89,1460,,
27.9,1450,,
27.91,1500,,
27.92,1520,,
27.93,1530,,
27.94,1550,,
27.95,1590,,
27.96,1600,,
27.97,1540,,
27.98,1530,,
27.99,1590,,
28,1580,,
28.01,1440,,
28.02,1310,,
28.03,1330,,
28.04,1400,,
28.05,1390,,
28.06,1340,,
28.07,1380,,
28.08,1400,,
28.09,1470,,
28.1,1640,,
28.11,1680,,
28.12,1530,,
28.13,1460,,
28.14,1480,,
28.15,1390,,
28.16,1360,,
28.17,1470,,
28.18,1530,,
28.19,1510,,
28.2,1570,,
28.21,1590,,
28.22,1520,,
28.23,1430,,
28.24,1460,,
28.25,1550,,
28.26,1480,,
28.27,1370,,
28.28,1360,,
28.29,1420,,
28.3,1410,,
28.31,1340,,
28.32,1420,,
28.33,1450,,
28.34,1400,,
28.35,1480,,
28.36,1590,,
28.37,1590,,
28.38,1490,,
28.39,1450,,
28.4,1500,,
28.41,1510,,
28.42,1490,,
28.43,1370,,
28.44,1340,,
28.45,1430,,
28.46,1440,,
28.47,1450,,
28.48,1530,,
28.49,1480,,
28.5,1380,,
28.51,1310,,
28.52,1410,,
28.53,1430,,
28.54,1470,,
28.55,1570,,
28.56,1520,,
28.57,1430,,
28.58,1420,,
28.59,1460,,
28.6,1480,,
28.61,1550,,
28.62,1590,,
28.63,1530,,
28.64,1580,,
28.65,1560,,
28.66,1490,,
28.67,1410,,
28.68,1280,,
28.69,1310,,
28.7,1500,,
28.71,1480,,
28.72,1430,,
28.73,1480,,
28.74,1480,,
28.75,1410,,
28.76,1430,,
28.77,1470,,
28.78,1470,,
28.79,1510,,
28.8,1420,,
28.81,1330,,
28.82,1360,,
28.83,1360,,
28.84,1500,,
28.85,1480,,
28.86,1470,,
28.87,1540,,
28.88,1500,,
28.89,1390,,
28.9,1410,,
28.91,1400,,
28.92,1380,,
28.93,1370,,
28.94,1400,,
28.95,1450,,
28.96,1460,,
28.97,1380,,
28.98,1340,,
28.99,1390,,
29,1450,,
29.01,1500,,
29.02,1540,,
29.03,1490,,
29.04,1360,,
29.05,1340,,
29.06,1360,,
29.07,1420,,
29.08,1520,,
29.09,1700,,
29.1,1600,,
29.11,1400,,
29.12,1430,,
29.13,1480,,
29.14,1540,,
29.15,1640,,
29.16,1670,,
29.17,1520,,
29.18,1450,,
29.19,1420,,
29.2,1410,,
29.21,1530,,
29.22,1530,,
29.23,1500,,
29.24,1610,,
29.25,1550,,
29.26,1520,,
29.27,1500,,
29.28,1520,,
29.29,1410,,
29.3,1410,,
29.31,1440,,
29.32,1450,,
29.33,1430,,
29.34,1520,,
29.35,1550,,
29.36,1600,,
29.37,1530,,
29.38,1520,,
29.39,1590,,
29.4,1560,,
29.41,1600,,
29.42,1580,,
29.43,1640,,
29.44,1620,,
29.45,1630,,
29.46,1550,,
29.47,1540,,
29.48,1620,,
29.49,1640,,
29.5,1580,,
29.51,1710,,
29.52,1720,,
29.53,1710,,
29.54,1730,,
29.55,1750,,
29.56,1700,,
29.57,1780,,
29.58,1850,,
29.59,1860,,
29.6,1840,,
29.61,1840,,
29.62,1860,,
29.63,1770,,
29.64,1850,,
29.65,1820,,
29.66,1960,,
29.67,2120,,
29.68,2020,,
29.69,2010,,
29.7,2050,,
29.71,1920,,
29.72,1980,,
29.73,2090,,
29.74,2090,,
29.75,2070,,
29.76,2060,,
29.77,2050,,
29.78,2070,,
29.79,2090,,
29.8,2180,,
29.81,2240,,
29.82,2190,,
29.83,2260,,
29.84,2340,,
29.85,2450,,
29.86,2660,,
29.87,2870,,
29.88,2890,,
29.89,3030,,
29.9,3100,,
29.91,3290,,
29.92,3540,,
29.93,3840,,
29.94,4040,,
29.95,4560,,
29.96,5110,,
29.97,5490,,
29.98,6050,,
29.99,6810,,
30,7450,,
30.01,7810,,
30.02,8460,,
30.03,9020,,
30.04,9850,,
30.05,10110,,
30.06,10720,,
30.07,11200,,
30.08,11850,,
30.09,11980,,
30.1,11740,,
30.11,11470,,
30.12,10860,,
30.13,10760,,
30.14,10660,,
30.15,10430,,
30.16,10040,,
30.17,9530,,
30.18,8940,,
30.19,8050,,
30.2,7440,,
30.21,7050,,
30.22,6700,,
30.23,6200,,
30.24,5630,,
30.25,5390,,
30.26,5130,,
30.27,4870,,
30.28,4560,,
30.29,4310,,
30.3,4320,,
30.31,4310,,
30.32,4370,,
30.33,4340,,
30.34,4310,,
30.35,4440,,
30.36,4720,,
30.37,4910,,
30.38,4880,,
30.39,4950,,
30.4,5230,,
30.41,5750,,
30.42,6460,,
30.43,7070,,
30.44,7610,,
30.45,8870,,
30.46,10040,,
30.47,10940,,
30.48,12750,,
30.49,15010,,
30.5,16960,,
30.51,19050,,
30.52,21970,,
30.53,25250,,
30.54,28230,,
30.55,31470,,
30.56,34330,,
30.57,37190,,
30.58,39170,,
30.59,40720,,
30.6,40510,,
30.61,40050,,
30.62,38960,,
30.63,36800,,
30.64,34750,,
30.65,32560,,
30.66,30760,,
30.67,28070,,
30.68,25110,,
30.69,22690,,
30.7,20230,,
30.71,17350,,
30.72,14800,,
30.73,12830,,
30.74,11380,,
30.75,9870,,
30.76,8370,,
30.77,7140,,
30.78,6230,,
30.79,5680,,
30.8,5210,,
30.81,4590,,
30.82,4190,,
30.83,3910,,
30.84,3690,,
30.85,3600,,
30.86,3490,,
30.87,3360,,
30.88,3080,,
30.89,3040,,
30.9,2990,,
30.91,2990,,
30.92,2800,,
30.93,2640,,
30.94,2620,,
30.95,2350,,
30.96,2250,,
30.97,2400,,
30.98,2380,,
30.99,2290,,
31,2210,,
31.01,2240,,
31.02,2160,,
31.03,2210,,
31.04,2030,,
31.05,1970,,
31.06,2030,,
31.07,2090,,
31.08,1940,,
31.09,1810,,
31.1,1910,,
31.11,1850,,
31.12,1760,,
31.13,1770,,
31.14,1740,,
31.15,1700,,
31.16,1780,,
31.17,1900,,
31.18,1640,,
31.19,1550,,
31.2,1700,,
31.21,1780,,
31.22,1680,,
31.23,1630,,
31.24,1610,,
31.25,1610,,
31.26,1640,,
31.27,1660,,
31.28,1580,,
31.29,1480,,
31.3,1620,,
31.31,1720,,
31.32,1660,,
31.33,1650,,
31.34,1470,,
31.35,1580,,
31.36,1520,,
31.37,1620,,
31.38,1600,,
31.39,1650,,
31.4,1780,,
31.41,1750,,
31.42,1470,,
31.43,1690,,
31.44,1650,,
31.45,1540,,
31.46,1700,,
31.47,1730,,
31.48,1700,,
31.49,1640,,
31.5,1710,,
31.51,1820,,
31.52,1640,,
31.53,1760,,
31.54,1780,,
31.55,1870,,
31.56,1820,,
31.57,1830,,
31.58,2000,,
31.59,2030,,
31.6,2050,,
31.61,2000,,
31.62,2060,,
31.63,2050,,
31.64,1920,,
31.65,2010,,
31.66,2080,,
31.67,2000,,
31.68,2000,,
31.69,1980,,
31.7,1950,,
31.71,2130,,
31.72,2070,,
31.73,2070,,
31.74,2280,,
31.75,2350,,
31.76,2440,,
31.77,2460,,
31.78,2550,,
31.79,2940,,
31.8,3050,,
31.81,2970,,
31.82,3450,,
31.83,3940,,
31.84,4450,,
31.85,5170,,
31.86,5540,,
31.87,6190,,
31.88,7300,,
31.89,8640,,
31.9,9360,,
31.91,10240,,
31.92,12470,,
31.93,14850,,
31.94,16150,,
31.95,16820,,
31.96,18350,,
31.97,18430,,
31.98,18230,,
31.99,17890,,
32,16860,,
32.01,16160,,
32.02,15300,,
32.03,14370,,
32.04,13460,,
32.05,12570,,
32.06,11450,,
32.07,10080,,
32.08,8670,,
32.09,7690,,
32.1,6640,,
32.11,5750,,
32.12,5120,,
32.13,4350,,
32.14,3790,,
32.15,3430,,
32.16,3160,,
32.17,2750,,
32.18,2510,,
32.19,2440,,
32.2,2390,,
32.21,2320,,
32.22,2180,,
32.23,2040,,
32.24,2020,,
32.25,2000,,
32.26,1810,,
32.27,1890,,
32.28,1920,,
32.29,1860,,
32.3,1800,,
32.31,1900,,
32.32,1970,,
32.33,1870,,
32.34,1730,,
32.35,1680,,
32.36,1450,,
32.37,1470,,
32.38,1470,,
32.39,1610,,
32.4,1670,,
32.41,1540,,
32.42,1590,,
32.43,1480,,
32.44,1340,,
32.45,1400,,
32.46,1440,,
32.47,1530,,
32.48,1490,,
32.49,1370,,
32.5,1410,,
32.51,1480,,
32.52,1550,,
32.53,1450,,
32.54,1310,,
32.55,1450,,
32.56,1390,,
32.57,1420,,
32.58,1370,,
32.59,1390,,
32.6,1460,,
32.61,1460,,
32.62,1460,,
32.63,1430,,
32.64,1460,,
32.65,1500,,
32.66,1400,,
32.67,1270,,
32.68,1340,,
32.69,1370,,
32.7,1380,,
32.71,1430,,
32.72,1370,,
32.73,1300,,
32.74,1440,,
32.75,1360,,
32.76,1220,,
32.77,1300,,
32.78,1340,,
32.79,1310,,
32.8,1310,,
32.81,1240,,
32.82,1430,,
32.83,1290,,
32.84,1400,,
32.85,1450,,
32.86,1380,,
32.87,1240,,
32.88,1240,,
32.89,1270,,
32.9,1300,,
32.91,1350,,
32.92,1380,,
32.93,1410,,
32.94,1450,,
32.95,1320,,
32.96,1260,,
32.97,1240,,
32.98,1180,,
32.99,1260,,
33,1310,,
33.01,1230,,
33.02,1310,,
33.03,1210,,
33.04,1210,,
33.05,1290,,
33.06,1440,,
33.07,1310,,
33.08,1270,,
33.09,1190,,
33.1,1270,,
33.11,1220,,
33.12,1090,,
33.13,1160,,
33.14,1190,,
33.15,1320,,
33.16,1300,,
33.17,1320,,
33.18,1280,,
33.19,1290,,
33.2,1220,,
33.21,1130,,
33.22,1270,,
33.23,1330,,
33.24,1270,,
33.25,1150,,
33.26,1170,,
33.27,1190,,
33.28,1230,,
33.29,1250,,
33.3,1170,,
33.31,1160,,
33.32,1150,,
33.33,1210,,
33.34,1360,,
33.35,1370,,
33.36,1220,,
33.37,1200,,
33.38,1220,,
33.39,1240,,
33.4,1280,,
33.41,1160,,
33.42,1130,,
33.43,1240,,
33.44,1390,,
33.45,1240,,
33.46,1280,,
33.47,1170,,
33.48,1180,,
33.49,1110,,
33.5,1210,,
33.51,1300,,
33.52,1300,,
33.53,1230,,
33.54,1250,,
33.55,1310,,
33.56,1180,,
33.57,1190,,
33.58,1350,,
33.59,1350,,
33.6,1290,,
33.61,1320,,
33.62,1220,,
33.63,1180,,
33.64,1200,,
33.65,1340,,
33.66,1360,,
33.67,1300,,
33.68,1210,,
33.69,1170,,
33.7,1240,,
33.71,1210,,
33.72,1230,,
33.73,1130,,
33.74,1210,,
33.75,1160,,
33.76,1270,,
33.77,1320,,
33.78,1230,,
33.79,1250,,
33.8,1240,,
33.81,1160,,
33.82,1100,,
33.83,1130,,
33.84,1150,,
33.85,1230,,
33.86,1350,,
33.87,1350,,
33.88,1350,,
33.89,1310,,
33.9,1220,,
33.91,1120,,
33.92,1120,,
33.93,1030,,
33.94,1080,,
33.95,1120,,
33.96,1160,,
33.97,1190,,
33.98,1200,,
33.99,1320,,
34,1270,,
34.01,1250,,
34.02,1280,,
34.03,1270,,
34.04,1220,,
34.05,1180,,
34.06,1170,,
34.07,1130,,
34.08,1220,,
34.09,1210,,
34.1,1230,,
34.11,1230,,
34.12,1110,,
34.13,1090,,
34.14,1140,,
34.15,1150,,
34.16,1120,,
34.17,1060,,
34.18,1100,,
34.19,1180,,
34.2,1250,,
34.21,1170,,
34.22,1140,,
34.23,1120,,
34.24,1140,,
34.25,1260,,
34.26,1290,,
34.27,1160,,
34.28,1120,,
34.29,1150,,
34.3,1190,,
34.31,1210,,
34.32,1230,,
34.33,1210,,
34.34,1230,,
34.35,1180,,
34.36,1170,,
34.37,1170,,
34.38,1110,,
34.39,1110,,
34.4,1170,,
34.41,1180,,
34.42,1160,,
34.43,1170,,
34.44,1130,,
34.45,1150,,
34.46,1180,,
34.47,1150,,
34.48,1120,,
34.49,1120,,
34.5,1160,,
34.51,1210,,
34.52,1120,,
34.53,1120,,
34.54,1170,,
34.55,1250,,
34.56,1200,,
34.57,1110,,
34.58,1150,,
34.59,1130,,
34.6,1040,,
34.61,1070,,
34.62,1110,,
34.63,1060,,
34.64,1090,,
34.65,1120,,
34.66,1080,,
34.67,1120,,
34.68,1160,,
34.69,1180,,
34.7,1300,,
34.71,1350,,
34.72,1240,,
34.73,1200,,
34.74,1210,,
34.75,1200,,
34.76,1170,,
34.77,1110,,
34.78,1170,,
34.79,1220,,
34.8,1140,,
34.81,1130,,
34.82,1120,,
34.83,1100,,
34.84,1120,,
34.85,1190,,
34.86,1210,,
34.87,1190,,
34.88,1160,,
34.89,1200,,
34.9,1190,,
34.91,1150,,
34.92,1140,,
34.93,1160,,
34.94,1150,,
34.95,1100,,
34.96,1110,,
34.97,1120,,
34.98,1160,,
34.99,1230,,
35,1180,,
35.01,1120,,
35.02,1130,,
35.03,1160,,
35.04,1170,,
35.05,1160,,
35.06,1220,,
35.07,1230,,
35.08,1220,,
35.09,1240,,
35.1,1260,,
35.11,1280,,
35.12,1250,,
35.13,1280,,
35.14,1280,,
35.15,1210,,
35.16,1250,,
35.17,1380,,
35.18,1430,,
35.19,1430,,
35.2,1420,,
35.21,1290,,
35.22,1280,,
35.23,1400,,
35.24,1390,,
35.25,1280,,
35.26,1190,,
35.27,1270,,
35.28,1390,,
35.29,1270,,
35.3,1120,,
35.31,1180,,
35.32,1300,,
35.33,1230,,
35.34,1190,,
35.35,1250,,
35.36,1260,,
35.37,1200,,
35.38,1140,,
35.39,1120,,
35.4,1180,,
35.41,1150,,
35.42,1100,,
35.43,1100,,
35.44,1170,,
35.45,1140,,
35.46,1140,,
35.47,1260,,
35.48,1210,,
35.49,1050,,
35.5,970,,
35.51,990,,
35.52,1060,,
35.53,1130,,
35.54,1090,,
35.55,1050,,
35.56,1120,,
35.57,1190,,
35.58,1180,,
35.59,1110,,
35.6,1110,,
35.61,1200,,
35.62,1170,,
35.63,1050,,
35.64,1070,,
35.65,1090,,
35.66,1020,,
35.67,1060,,
35.68,1150,,
35.69,1150,,
35.7,1120,,
35.71,1150,,
35.72,1120,,
35.73,1060,,
35.74,1080,,
35.75,1070,,
35.76,1080,,
35.77,1040,,
35.78,1060,,
35.79,1130,,
35.8,1130,,
35.81,1120,,
35.82,1080,,
35.83,1090,,
35.84,1160,,
35.85,1130,,
35.86,1050,,
35.87,1000,,
35.88,1020,,
35.89,1090,,
35.9,1140,,
35.91,1140,,
35.92,1140,,
35.93,1210,,
35.94,1230,,
35.95,1160,,
35.96,1110,,
35.97,1160,,
35.98,1190,,
35.99,1190,,
36,1150,,
36.01,1090,,
36.02,1030,,
36.03,950,,
36.04,1020,,
36.05,1110,,
36.06,1120,,
36.07,1100,,
36.08,1130,,
36.09,1140,,
36.1,1080,,
36.11,1030,,
36.12,1090,,
36.13,1150,,
36.14,1100,,
36.15,1070,,
36.16,1140,,
36.17,1110,,
36.18,1010,,
36.19,1000,,
36.2,990,,
36.21,980,,
36.22,1010,,
36.23,1040,,
36.24,1080,,
36.25,1060,,
36.26,1000,,
36.27,1070,,
36.28,1160,,
36.29,1100,,
36.3,1070,,
36.31,1090,,
36.32,1100,,
36.33,1050,,
36.34,1000,,
36.35,1070,,
36.36,1140,,
36.37,1100,,
36.38,1040,,
36.39,1000,,
36.4,1060,,
36.41,1120,,
36.42,1070,,
36.43,970,,
36.44,1020,,
36.45,1060,,
36.46,990,,
36.47,1010,,
36.48,1080,,
36.49,1060,,
36.5,1030,,
36.51,1120,,
36.52,1190,,
36.53,1130,,
36.54,1030,,
36.55,950,,
36.56,960,,
36.57,1050,,
36.58,1050,,
36.59,1040,,
36.6,1120,,
36.61,1120,,
36.62,1120,,
36.63,1070,,
36.64,1060,,
36.65,1040,,
36.66,1040,,
36.67,1090,,
36.68,1070,,
36.69,1060,,
36.7,1080,,
36.71,1070,,
36.72,1090,,
36.73,1140,,
36.74,1050,,
36.75,1030,,
36.76,1050,,
36.77,1140,,
36.78,1090,,
36.79,1020,,
36.8,1030,,
36.81,1110,,
36.82,1130,,
36.83,1080,,
36.84,1000,,
36.85,920,,
36.86,960,,
36.87,960,,
36.88,960,,
36.89,1020,,
36.9,1040,,
36.91,1120,,
36.92,1210,,
36.93,1110,,
36.94,1050,,
36.95,1070,,
36.96,1070,,
36.97,1020,,
36.98,1020,,
36.99,1110,,
37,1150,,
37.01,1040,,
37.02,1000,,
37.03,1010,,
37.04,970,,
37.05,960,,
37.06,990,,
37.07,1010,,
37.08,1020,,
37.09,990,,
37.1,1000,,
37.11,1100,,
37.12,1060,,
37.13,1090,,
37.14,1110,,
37.15,1080,,
37.16,1070,,
37.17,1080,,
37.18,1140,,
37.19,1130,,
37.2,1110,,
37.21,1120,,
37.22,1110,,
37.23,1110,,
37.24,1120,,
37.25,1170,,
37.26,1130,,
37.27,1110,,
37.28,1150,,
37.29,1060,,
37.3,970,,
37.31,920,,
37.32,950,,
37.33,980,,
37.34,1030,,
37.35,1050,,
37.36,990,,
37.37,1000,,
37.38,1090,,
37.39,1080,,
37.4,1030,,
37.41,1040,,
37.42,1130,,
37.43,1130,,
37.44,1040,,
37.45,1060,,
37.46,1070,,
37.47,1020,,
37.48,950,,
37.49,940,,
37.5,1030,,
37.51,1050,,
37.52,1000,,
37.53,920,,
37.54,980,,
37.55,1090,,
37.56,1040,,
37.57,1040,,
37.58,1030,,
37.59,1090,,
37.6,1130,,
37.61,1100,,
37.62,1040,,
37.63,1050,,
37.64,1060,,
37.65,1080,,
37.66,1040,,
37.67,1120,,
37.68,1150,,
37.69,1080,,
37.7,970,,
37.71,1020,,
37.72,1000,,
37.73,1020,,
37.74,1070,,
37.75,1000,,
37.76,1000,,
37.77,1020,,
37.78,1070,,
37.79,1120,,
37.8,1000,,
37.81,990,,
37.82,1000,,
37.83,1000,,
37.84,1060,,
37.85,1130,,
37.86,1060,,
37.87,990,,
37.88,1020,,
37.89,990,,
37.9,930,,
37.91,890,,
37.92,990,,
37.93,1070,,
37.94,1000,,
37.95,990,,
37.96,960,,
37.97,1020,,
37.98,1030,,
37.99,1070,,
38,1040,,
38.01,1090,,
38.02,1120,,
38.03,1070,,
38.04,1000,,
38.05,1090,,
38.06,1150,,
38.07,1120,,
38.08,1120,,
38.09,1070,,
38.1,1030,,
38.11,1090,,
38.12,1000,,
38.13,1070,,
38.14,1110,,
38.15,1100,,
38.16,1200,,
38.17,1160,,
38.18,1060,,
38.19,940,,
38.2,1030,,
38.21,1100,,
38.22,1100,,
38.23,1020,,
38.24,1010,,
38.25,1040,,
38.26,1040,,
38.27,1120,,
38.28,1050,,
38.29,870,,
38.3,940,,
38.31,1040,,
38.32,1100,,
38.33,1050,,
38.34,960,,
38.35,1020,,
38.36,1050,,
38.37,1060,,
38.38,1040,,
38.39,1050,,
38.4,1170,,
38.41,1170,,
38.42,1060,,
38.43,1010,,
38.44,1000,,
38.45,1030,,
38.46,1020,,
38.47,980,,
38.48,1050,,
38.49,1010,,
38.5,1060,,
38.51,980,,
38.52,970,,
38.53,1040,,
38.54,1060,,
38.55,1080,,
38.56,1190,,
38.57,1030,,
38.58,970,,
38.59,1040,,
38.6,1020,,
38.61,1030,,
38.62,1090,,
38.63,1130,,
38.64,1080,,
38.65,1100,,
38.66,1030,,
38.67,950,,
38.68,840,,
38.69,880,,
38.7,1000,,
38.71,1070,,
38.72,1060,,
38.73,1080,,
38.74,1000,,
38.75,960,,
38.76,950,,
38.77,1000,,
38.78,1090,,
38.79,1170,,
38.8,1000,,
38.81,980,,
38.82,1010,,
38.83,1010,,
38.84,970,,
38.85,1030,,
38.86,1000,,
38.87,950,,
38.88,1120,,
38.89,1100,,
38.9,940,,
38.91,1110,,
38.92,1150,,
38.93,1090,,
38.94,950,,
38.95,1080,,
38.96,1160,,
38.97,1070,,
38.98,1030,,
38.99,1080,,
39,1010,,
39.01,1050,,
39.02,1040,,
39.03,1100,,
39.04,1190,,
39.05,1100,,
39.06,1110,,
39.07,1020,,
39.08,1010,,
39.09,980,,
39.1,890,,
39.11,980,,
39.12,1020,,
39.13,920,,
39.14,950,,
39.15,1030,,
39.16,980,,
39.17,960,,
39.18,1070,,
39.19,1000,,
39.2,1080,,
39.21,1090,,
39.22,980,,
39.23,1030,,
39.24,1090,,
39.25,1000,,
39.26,1020,,
39.27,1090,,
39.28,1130,,
39.29,1110,,
39.3,1070,,
39.31,1040,,
39.32,1120,,
39.33,1080,,
39.34,1080,,
39.35,1090,,
39.36,1030,,
39.37,1050,,
39.38,1040,,
39.39,1000,,
39.4,1000,,
39.41,920,,
39.42,840,,
39.43,960,,
39.44,1040,,
39.45,1100,,
39.46,990,,
39.47,970,,
39.48,920,,
39.49,1000,,
39.5,1110,,
39.51,960,,
39.52,880,,
39.53,1020,,
39.54,990,,
39.55,960,,
39.56,960,,
39.57,970,,
39.58,970,,
39.59,1000,,
39.6,1030,,
39.61,980,,
39.62,960,,
39.63,1010,,
39.64,1030,,
39.65,1000,,
39.66,1010,,
39.67,1060,,
39.68,1020,,
39.69,1020,,
39.7,1010,,
39.71,930,,
39.72,900,,
39.73,970,,
39.74,1040,,
39.75,1050,,
39.76,970,,
39.77,970,,
39.78,1060,,
39.79,1100,,
39.8,1050,,
39.81,1100,,
39.82,1040,,
39.83,940,,
39.84,850,,
39.85,960,,
39.86,960,,
39.87,920,,
39.88,960,,
39.89,930,,
39.9,970,,
39.91,1090,,
39.92,1080,,
39.93,1030,,
39.94,1000,,
39.95,970,,
39.96,880,,
39.97,940,,
39.98,970,,
39.99,990,,
40,1120,,
40.01,1100,,
40.02,950,,
40.03,1040,,
40.04,860,,
40.05,1020,,
40.06,1030,,
40.07,910,,
40.08,980,,
40.09,960,,
40.1,900,,
40.11,1020,,
40.12,1020,,
40.13,1060,,
40.14,1000,,
40.15,940,,
40.16,1010,,
40.17,1020,,
40.18,1040,,
40.19,1140,,
40.2,1010,,
40.21,970,,
40.22,990,,
40.23,1010,,
40.24,920,,
40.25,930,,
40.26,1010,,
40.27,810,,
40.28,940,,
40.29,810,,
40.3,890,,
40.31,990,,
40.32,860,,
40.33,910,,
40.34,1050,,
40.35,1040,,
40.36,940,,
40.37,890,,
40.38,950,,
40.39,980,,
40.4,910,,
40.41,950,,
40.42,910,,
40.43,810,,
40.44,990,,
40.45,1110,,
40.46,1030,,
40.47,1110,,
40.48,930,,
40.49,920,,
40.5,970,,
40.51,910,,
40.52,820,,
40.53,930,,
40.54,950,,
40.55,980,,
40.56,890,,
40.57,1100,,
40.58,1130,,
40.59,1060,,
40.6,1030,,
40.61,890,,
40.62,1000,,
40.63,1040,,
40.64,940,,
40.65,870,,
40.66,790,,
40.67,970,,
40.68,920,,
40.69,930,,
40.7,990,,
40.71,1030,,
40.72,970,,
40.73,880,,
40.74,950,,
40.75,970,,
40.76,1110,,
40.77,920,,
40.78,750,,
40.79,830,,
40.8,950,,
40.81,950,,
40.82,980,,
40.83,1000,,
40.84,1010,,
40.85,940,,
40.86,850,,
40.87,830,,
40.88,840,,
40.89,940,,
40.9,920,,
40.91,780,,
40.92,820,,
40.93,890,,
40.94,910,,
40.95,910,,
40.96,880,,
40.97,960,,
40.98,940,,
40.99,1020,,
41,910,,
41.01,910,,
41.02,990,,
41.03,930,,
41.04,880,,
41.05,900,,
41.06,960,,
41.07,1040,,
41.08,910,,
41.09,1000,,
41.1,1090,,
41.11,1050,,
41.12,1090,,
41.13,1010,,
41.14,990,,
41.15,940,,
41.16,1040,,
41.17,1060,,
41.18,1120,,
41.19,910,,
41.2,880,,
41.21,1010,,
41.22,1090,,
41.23,1100,,
41.24,1040,,
41.25,1050,,
41.26,990,,
41.27,940,,
41.28,920,,
41.29,940,,
41.3,930,,
41.31,970,,
41.32,960,,
41.33,960,,
41.34,1000,,
41.35,1010,,
41.36,880,,
41.37,890,,
41.38,990,,
41.39,960,,
41.4,1010,,
41.41,1070,,
41.42,1060,,
41.43,990,,
41.44,990,,
41.45,940,,
41.46,930,,
41.47,950,,
41.48,960,,
41.49,1030,,
41.5,1070,,
41.51,920,,
41.52,870,,
41.53,970,,
41.54,970,,
41.55,1010,,
41.56,1000,,
41.57,1050,,
41.58,1050,,
41.59,980,,
41.6,1060,,
41.61,1040,,
41.62,1010,,
41.63,970,,
41.64,910,,
41.65,1030,,
41.66,1020,,
41.67,1020,,
41.68,1030,,
41.69,980,,
41.7,1050,,
41.71,1020,,
41.72,1060,,
41.73,1090,,
41.74,1130,,
41.75,1040,,
41.76,1000,,
41.77,1090,,
41.78,1040,,
41.79,1060,,
41.8,1010,,
41.81,900,,
41.82,910,,
41.83,880,,
41.84,930,,
41.85,960,,
41.86,1120,,
41.87,1130,,
41.88,1050,,
41.89,1070,,
41.9,1040,,
41.91,1110,,
41.92,980,,
41.93,900,,
41.94,1010,,
41.95,1000,,
41.96,1060,,
41.97,1040,,
41.98,1030,,
41.99,910,,
42,1000,,
42.01,1040,,
42.02,1060,,
42.03,1100,,
42.04,1070,,
42.05,980,,
42.06,900,,
42.07,880,,
42.08,940,,
42.09,970,,
42.1,950,,
42.11,970,,
42.12,1150,,
42.13,1120,,
42.14,1020,,
42.15,820,,
42.16,960,,
42.17,1060,,
42.18,1040,,
42.19,1030,,
42.2,1110,,
42.21,1070,,
42.22,1050,,
42.23,1170,,
42.24,1080,,
42.25,1100,,
42.26,1080,,
42.27,1050,,
42.28,1050,,
42.29,1070,,
42.3,1140,,
42.31,1130,,
42.32,1100,,
42.33,1150,,
42.34,1090,,
42.35,1050,,
42.36,1120,,
42.37,1160,,
42.38,1100,,
42.39,1010,,
42.4,1100,,
42.41,1140,,
42.42,1200,,
42.43,1130,,
42.44,1190,,
42.45,1190,,
42.46,1180,,
42.47,1160,,
42.48,1200,,
42.49,1190,,
42.5,1290,,
42.51,1320,,
42.52,1200,,
42.53,1280,,
42.54,1410,,
42.55,1420,,
42.56,1360,,
42.57,1260,,
42.58,1300,,
42.59,1190,,
42.6,1260,,
42.61,1410,,
42.62,1380,,
42.63,1570,,
42.64,1540,,
42.65,1500,,
42.66,1730,,
42.67,1920,,
42.68,2030,,
42.69,2050,,
42.7,2270,,
42.71,2420,,
42.72,2510,,
42.73,2630,,
42.74,2580,,
42.75,2510,,
42.76,2760,,
42.77,3000,,
42.78,3200,,
42.79,3440,,
42.8,3850,,
42.81,4350,,
42.82,4490,,
42.83,4850,,
42.84,5250,,
42.85,5830,,
42.86,5990,,
42.87,6340,,
42.88,6810,,
42.89,7190,,
42.9,7170,,
42.91,7310,,
42.92,7480,,
42.93,7400,,
42.94,7520,,
42.95,7970,,
42.96,7950,,
42.97,7590,,
42.98,7310,,
42.99,7400,,
43,7070,,
43.01,6800,,
43.02,6530,,
43.03,6570,,
43.04,6100,,
43.05,5710,,
43.06,5690,,
43.07,5500,,
43.08,5380,,
43.09,5310,,
43.1,4830,,
43.11,4760,,
43.12,4540,,
43.13,4280,,
43.14,4290,,
43.15,4420,,
43.16,4560,,
43.17,4460,,
43.18,4480,,
43.19,4570,,
43.2,4630,,
43.21,4910,,
43.22,4860,,
43.23,5130,,
43.24,5360,,
43.25,5570,,
43.26,5640,,
43.27,5390,,
43.28,5220,,
43.29,5270,,
43.3,5360,,
43.31,5530,,
43.32,5350,,
43.33,4900,,
43.34,4720,,
43.35,4590,,
43.36,4470,,
43.37,3930,,
43.38,3840,,
43.39,3690,,
43.4,3550,,
43.41,3580,,
43.42,3350,,
43.43,3080,,
43.44,2820,,
43.45,2620,,
43.46,2590,,
43.47,2490,,
43.48,2240,,
43.49,2050,,
43.5,1910,,
43.51,1810,,
43.52,1760,,
43.53,1640,,
43.54,1610,,
43.55,1730,,
43.56,1770,,
43.57,1760,,
43.58,1720,,
43.59,1670,,
43.6,1600,,
43.61,1500,,
43.62,1440,,
43.63,1410,,
43.64,1430,,
43.65,1570,,
43.66,1590,,
43.67,1600,,
43.68,1610,,
43.69,1620,,
43.7,1780,,
43.71,1890,,
43.72,1850,,
43.73,1930,,
43.74,2090,,
43.75,2400,,
43.76,2620,,
43.77,2790,,
43.78,3370,,
43.79,3820,,
43.8,4020,,
43.81,4220,,
43.82,4690,,
43.83,5030,,
43.84,4960,,
43.85,4920,,
43.86,4620,,
43.87,4150,,
43.88,3970,,
43.89,3770,,
43.9,3430,,
43.91,3180,,
43.92,3340,,
43.93,3410,,
43.94,3380,,
43.95,3290,,
43.96,3240,,
43.97,3000,,
43.98,2750,,
43.99,2710,,
44,2480,,
44.01,2160,,
44.02,1910,,
44.03,1720,,
44.04,1710,,
44.05,1640,,
44.06,1490,,
44.07,1430,,
44.08,1320,,
44.09,1310,,
44.1,1430,,
44.11,1280,,
44.12,1230,,
44.13,1270,,
44.14,1250,,
44.15,1290,,
44.16,1240,,
44.17,1240,,
44.18,1230,,
44.19,1190,,
44.2,1190,,
44.21,1200,,
44.22,1160,,
44.23,1220,,
44.24,1210,,
44.25,1120,,
44.26,1140,,
44.27,1130,,
44.28,1130,,
44.29,1160,,
44.3,1060,,
44.31,1070,,
44.32,1140,,
44.33,1150,,
44.34,1050,,
44.35,1010,,
44.36,1110,,
44.37,1190,,
44.38,1220,,
44.39,1190,,
44.4,1190,,
44.41,1160,,
44.42,1180,,
44.43,1240,,
44.44,1240,,
44.45,1210,,
44.46,1240,,
44.47,1180,,
44.48,1040,,
44.49,1130,,
44.5,1250,,
44.51,1220,,
44.52,1190,,
44.53,1260,,
44.54,1280,,
44.55,1390,,
44.56,1370,,
44.57,1340,,
44.58,1450,,
44.59,1430,,
44.6,1410,,
44.61,1500,,
44.62,1400,,
44.63,1380,,
44.64,1500,,
44.65,1620,,
44.66,1700,,
44.67,1610,,
44.68,1610,,
44.69,1840,,
44.7,1920,,
44.71,1980,,
44.72,2180,,
44.73,2550,,
44.74,2910,,
44.75,3040,,
44.76,3270,,
44.77,3760,,
44.78,4420,,
44.79,4940,,
44.8,5650,,
44.81,6530,,
44.82,7270,,
44.83,7990,,
44.84,8850,,
44.85,9510,,
44.86,9460,,
44.87,8930,,
44.88,8720,,
44.89,8700,,
44.9,8360,,
44.91,7680,,
44.92,7230,,
44.93,7030,,
44.94,6650,,
44.95,6480,,
44.96,6530,,
44.97,6340,,
44.98,5970,,
44.99,5430,,
45,4940,,
45.01,4670,,
45.02,4330,,
45.03,3880,,
45.04,3430,,
45.05,3090,,
45.06,2620,,
45.07,2190,,
45.08,2030,,
45.09,1870,,
45.1,1770,,
45.11,1750,,
45.12,1670,,
45.13,1530,,
45.14,1390,,
45.15,1340,,
45.16,1300,,
45.17,1300,,
45.18,1350,,
45.19,1300,,
45.2,1190,,
45.21,1090,,
45.22,1110,,
45.23,1250,,
45.24,1220,,
45.25,1090,,
45.26,1110,,
45.27,1200,,
45.28,1210,,
45.29,1170,,
45.3,1120,,
45.31,1110,,
45.32,1110,,
45.33,1060,,
45.34,1070,,
45.35,1130,,
45.36,1060,,
45.37,1050,,
45.38,1030,,
45.39,940,,
45.4,960,,
45.41,1040,,
45.42,1100,,
45.43,1110,,
45.44,1090,,
45.45,1070,,
45.46,1050,,
45.47,1040,,
45.48,1060,,
45.49,1040,,
45.5,1040,,
45.51,1070,,
45.52,1040,,
45.53,930,,
45.54,990,,
45.55,1060,,
45.56,960,,
45.57,1000,,
45.58,1030,,
45.59,980,,
45.6,980,,
45.61,1070,,
45.62,1040,,
45.63,890,,
45.64,880,,
45.65,940,,
45.66,1000,,
45.67,1000,,
45.68,930,,
45.69,940,,
45.7,1000,,
45.71,1000,,
45.72,940,,
45.73,940,,
45.74,960,,
45.75,980,,
45.76,1030,,
45.77,1000,,
45.78,910,,
45.79,870,,
45.8,840,,
45.81,920,,
45.82,1030,,
45.83,1010,,
45.84,980,,
45.85,890,,
45.86,870,,
45.87,920,,
45.88,920,,
45.89,900,,
45.9,950,,
45.91,1000,,
45.92,1000,,
45.93,1080,,
45.94,1050,,
45.95,970,,
45.96,1020,,
45.97,1020,,
45.98,910,,
45.99,830,,
46,840,,
46.01,920,,
46.02,960,,
46.03,960,,
46.04,930,,
46.05,940,,
46.06,1000,,
46.07,990,,
46.08,950,,
46.09,960,,
46.1,880,,
46.11,840,,
46.12,970,,
46.13,1060,,
46.14,1060,,
46.15,1030,,
46.16,1040,,
46.17,1020,,
46.18,940,,
46.19,850,,
46.2,870,,
46.21,920,,
46.22,910,,
46.23,1020,,
46.24,1090,,
46.25,1020,,
46.26,920,,
46.27,880,,
46.28,890,,
46.29,840,,
46.3,820,,
46.31,870,,
46.32,940,,
46.33,980,,
46.34,990,,
46.35,960,,
46.36,930,,
46.37,890,,
46.38,850,,
46.39,940,,
46.4,940,,
46.41,850,,
46.42,840,,
46.43,910,,
46.44,920,,
46.45,880,,
46.46,930,,
46.47,970,,
46.48,990,,
46.49,990,,
46.5,960,,
46.51,920,,
46.52,880,,
46.53,930,,
46.54,930,,
46.55,880,,
46.56,950,,
46.57,1020,,
46.58,950,,
46.59,930,,
46.6,980,,
46.61,940,,
46.62,830,,
46.63,920,,
46.64,970,,
46.65,920,,
46.66,890,,
46.67,830,,
46.68,890,,
46.69,970,,
46.7,990,,
46.71,1020,,
46.72,970,,
46.73,860,,
46.74,870,,
46.75,930,,
46.76,960,,
46.77,960,,
46.78,920,,
46.79,950,,
46.8,980,,
46.81,930,,
46.82,930,,
46.83,1000,,
46.84,1000,,
46.85,900,,
46.86,870,,
46.87,910,,
46.88,970,,
46.89,980,,
46.9,940,,
46.91,930,,
46.92,890,,
46.93,880,,
46.94,880,,
46.95,910,,
46.96,930,,
46.97,900,,
46.98,880,,
46.99,890,,
47,850,,
47.01,780,,
47.02,790,,
47.03,870,,
47.04,890,,
47.05,870,,
47.06,860,,
47.07,930,,
47.08,1030,,
47.09,990,,
47.1,940,,
47.11,920,,
47.12,950,,
47.13,1050,,
47.14,1040,,
47.15,990,,
47.16,950,,
47.17,900,,
47.18,900,,
47.19,910,,
47.2,910,,
47.21,810,,
47.22,740,,
47.23,770,,
47.24,820,,
47.25,880,,
47.26,840,,
47.27,880,,
47.28,1000,,
47.29,960,,
47.3,890,,
47.31,910,,
47.32,880,,
47.33,900,,
47.34,910,,
47.35,890,,
47.36,860,,
47.37,870,,
47.38,890,,
47.39,890,,
47.4,950,,
47.41,960,,
47.42,870,,
47.43,880,,
47.44,910,,
47.45,900,,
47.46,930,,
47.47,930,,
47.48,940,,
47.49,940,,
47.5,990,,
47.51,1020,,
47.52,950,,
47.53,870,,
47.54,900,,
47.55,880,,
47.56,860,,
47.57,910,,
47.58,950,,
47.59,950,,
47.6,970,,
47.61,970,,
47.62,950,,
47.63,970,,
47.64,930,,
47.65,790,,
47.66,800,,
47.67,900,,
47.68,920,,
47.69,860,,
47.7,920,,
47.71,950,,
47.72,920,,
47.73,960,,
47.74,960,,
47.75,870,,
47.76,880,,
47.77,900,,
47.78,890,,
47.79,810,,
47.8,810,,
47.81,830,,
47.82,820,,
47.83,800,,
47.84,800,,
47.85,830,,
47.86,860,,
47.87,910,,
47.88,840,,
47.89,810,,
47.9,870,,
47.91,920,,
47.92,950,,
47.93,990,,
47.94,1020,,
47.95,950,,
47.96,980,,
47.97,960,,
47.98,930,,
47.99,950,,
48,950,,
48.01,940,,
48.02,930,,
48.03,930,,
48.04,1010,,
48.05,1060,,
48.06,1030,,
48.07,900,,
48.08,870,,
48.09,960,,
48.1,920,,
48.11,810,,
48.12,850,,
48.13,900,,
48.14,820,,
48.15,800,,
48.16,870,,
48.17,940,,
48.18,950,,
48.19,890,,
48.2,930,,
48.21,980,,
48.22,970,,
48.23,970,,
48.24,960,,
48.25,890,,
48.26,810,,
48.27,770,,
48.28,810,,
48.29,940,,
48.3,980,,
48.31,990,,
48.32,900,,
48.33,910,,
48.34,890,,
48.35,800,,
48.36,800,,
48.37,890,,
48.38,860,,
48.39,890,,
48.4,820,,
48.41,850,,
48.42,980,,
48.43,1000,,
48.44,960,,
48.45,970,,
48.46,920,,
48.47,940,,
48.48,1010,,
48.49,1000,,
48.5,950,,
48.51,900,,
48.52,930,,
48.53,970,,
48.54,920,,
48.55,950,,
48.56,820,,
48.57,800,,
48.58,880,,
48.59,860,,
48.6,860,,
48.61,940,,
48.62,830,,
48.63,790,,
48.64,900,,
48.65,910,,
48.66,800,,
48.67,820,,
48.68,820,,
48.69,820,,
48.7,890,,
48.71,1000,,
48.72,960,,
48.73,920,,
48.74,920,,
48.75,880,,
48.76,850,,
48.77,850,,
48.78,870,,
48.79,890,,
48.8,940,,
48.81,920,,
48.82,970,,
48.83,930,,
48.84,850,,
48.85,840,,
48.86,910,,
48.87,920,,
48.88,810,,
48.89,760,,
48.9,840,,
48.91,890,,
48.92,860,,
48.93,810,,
48.94,870,,
48.95,870,,
48.96,890,,
48.97,870,,
48.98,790,,
48.99,820,,
49,860,,
49.01,830,,
49.02,830,,
49.03,890,,
49.04,900,,
49.05,900,,
49.06,920,,
49.07,890,,
49.08,840,,
49.09,830,,
49.1,860,,
49.11,830,,
49.12,830,,
49.13,870,,
49.14,970,,
49.15,1070,,
49.16,990,,
49.17,860,,
49.18,820,,
49.19,920,,
49.2,980,,
49.21,910,,
49.22,930,,
49.23,1010,,
49.24,1030,,
49.25,990,,
49.26,950,,
49.27,1000,,
49.28,960,,
49.29,950,,
49.3,910,,
49.31,890,,
49.32,880,,
49.33,890,,
49.34,880,,
49.35,880,,
49.36,930,,
49.37,890,,
49.38,800,,
49.39,790,,
49.4,830,,
49.41,850,,
49.42,920,,
49.43,970,,
49.44,960,,
49.45,920,,
49.46,920,,
49.47,900,,
49.48,890,,
49.49,900,,
49.5,930,,
49.51,980,,
49.52,960,,
49.53,910,,
49.54,800,,
49.55,750,,
49.56,750,,
49.57,890,,
49.58,970,,
49.59,880,,
49.6,890,,
49.61,960,,
49.62,920,,
49.63,820,,
49.64,790,,
49.65,820,,
49.66,820,,
49.67,880,,
49.68,940,,
49.69,980,,
49.7,950,,
49.71,820,,
49.72,790,,
49.73,790,,
49.74,850,,
49.75,910,,
49.76,810,,
49.77,830,,
49.78,960,,
49.79,890,,
49.8,960,,
49.81,960,,
49.82,950,,
49.83,860,,
49.84,780,,
49.85,910,,
49.86,890,,
49.87,870,,
49.88,920,,
49.89,910,,
49.9,780,,
49.91,830,,
49.92,900,,
49.93,920,,
49.94,930,,
49.95,870,,
49.96,870,,
49.97,870,,
49.98,890,,
49.99,990,,
50,1030,,
50.01,890,,
50.02,770,,
50.03,820,,
50.04,900,,
50.05,930,,
50.06,880,,
50.07,840,,
50.08,920,,
50.09,890,,
50.1,770,,
50.11,900,,
50.12,960,,
50.13,900,,
50.14,830,,
50.15,790,,
50.16,810,,
50.17,850,,
50.18,840,,
50.19,870,,
50.2,860,,
50.21,860,,
50.22,930,,
50.23,960,,
50.24,940,,
50.25,940,,
50.26,880,,
50.27,870,,
50.28,930,,
50.29,930,,
50.3,900,,
50.31,870,,
50.32,880,,
50.33,850,,
50.34,860,,
50.35,850,,
50.36,890,,
50.37,860,,
50.38,890,,
50.39,860,,
50.4,920,,
50.41,910,,
50.42,830,,
50.43,820,,
50.44,820,,
50.45,780,,
50.46,810,,
50.47,850,,
50.48,920,,
50.49,930,,
50.5,890,,
50.51,860,,
50.52,910,,
50.53,850,,
50.54,840,,
50.55,750,,
50.56,750,,
50.57,860,,
50.58,960,,
50.59,940,,
50.6,890,,
50.61,820,,
50.62,860,,
50.63,870,,
50.64,860,,
50.65,890,,
50.66,810,,
50.67,820,,
50.68,910,,
50.69,890,,
50.7,860,,
50.71,750,,
50.72,860,,
50.73,980,,
50.74,880,,
50.75,780,,
50.76,800,,
50.77,900,,
50.78,920,,
50.79,920,,
50.8,820,,
50.81,780,,
50.82,840,,
50.83,920,,
50.84,890,,
50.85,920,,
50.86,1050,,
50.87,980,,
50.88,910,,
50.89,880,,
50.9,890,,
50.91,900,,
50.92,880,,
50.93,860,,
50.94,850,,
50.95,860,,
50.96,960,,
50.97,970,,
50.98,910,,
50.99,910,,
51,840,,
51.01,830,,
51.02,940,,
51.03,970,,
51.04,910,,
51.05,850,,
51.06,830,,
51.07,850,,
51.08,830,,
51.09,830,,
51.1,980,,
51.11,890,,
51.12,840,,
51.13,830,,
51.14,720,,
51.15,740,,
51.16,820,,
51.17,820,,
51.18,850,,
51.19,860,,
51.2,820,,
51.21,900,,
51.22,970,,
51.23,970,,
51.24,850,,
51.25,770,,
51.26,760,,
51.27,780,,
51.28,850,,
51.29,810,,
51.3,800,,
51.31,700,,
51.32,740,,
51.33,840,,
51.34,860,,
51.35,860,,
51.36,920,,
51.37,910,,
51.38,890,,
51.39,830,,
51.4,890,,
51.41,850,,
51.42,900,,
51.43,950,,
51.44,1010,,
51.45,940,,
51.46,830,,
51.47,840,,
51.48,950,,
51.49,940,,
51.5,860,,
51.51,930,,
51.52,910,,
51.53,930,,
51.54,910,,
51.55,880,,
51.56,850,,
51.57,820,,
51.58,850,,
51.59,890,,
51.6,820,,
51.61,790,,
51.62,740,,
51.63,780,,
51.64,860,,
51.65,900,,
51.66,980,,
51.67,940,,
51.68,1030,,
51.69,940,,
51.7,910,,
51.71,820,,
51.72,840,,
51.73,830,,
51.74,830,,
51.75,920,,
51.76,900,,
51.77,880,,
51.78,970,,
51.79,890,,
51.8,920,,
51.81,960,,
51.82,980,,
51.83,970,,
51.84,880,,
51.85,850,,
51.86,860,,
51.87,870,,
51.88,850,,
51.89,890,,
51.9,950,,
51.91,870,,
51.92,1000,,
51.93,950,,
51.94,1020,,
51.95,870,,
51.96,900,,
51.97,890,,
51.98,930,,
51.99,930,,
52,930,,
52.01,880,,
52.02,870,,
52.03,790,,
52.04,810,,
52.05,790,,
52.06,850,,
52.07,850,,
52.08,830,,
52.09,860,,
52.1,850,,
52.11,770,,
52.12,840,,
52.13,830,,
52.14,1040,,
52.15,880,,
52.16,780,,
52.17,840,,
52.18,910,,
52.19,890,,
52.2,940,,
52.21,920,,
52.22,950,,
52.23,800,,
52.24,820,,
52.25,940,,
52.26,1030,,
52.27,980,,
52.28,870,,
52.29,950,,
52.3,910,,
52.31,840,,
52.32,960,,
52.33,840,,
52.34,890,,
52.35,1010,,
52.36,1020,,
52.37,890,,
52.38,900,,
52.39,800,,
52.4,850,,
52.41,830,,
52.42,870,,
52.43,880,,
52.44,900,,
52.45,830,,
52.46,850,,
52.47,850,,
52.48,870,,
52.49,910,,
52.5,880,,
52.51,830,,
52.52,740,,
52.53,830,,
52.54,820,,
52.55,1000,,
52.56,960,,
52.57,800,,
52.58,880,,
52.59,960,,
52.6,870,,
52.61,770,,
52.62,790,,
52.63,800,,
52.64,840,,
52.65,920,,
52.66,970,,
52.67,890,,
52.68,790,,
52.69,880,,
52.7,1050,,
52.71,970,,
52.72,810,,
52.73,830,,
52.74,840,,
52.75,940,,
52.76,970,,
52.77,910,,
52.78,940,,
52.79,910,,
52.8,870,,
52.81,860,,
52.82,880,,
52.83,870,,
52.84,960,,
52.85,930,,
52.86,900,,
52.87,960,,
52.88,960,,
52.89,890,,
52.9,870,,
52.91,870,,
52.92,980,,
52.93,980,,
52.94,900,,
52.95,970,,
52.96,1020,,
52.97,990,,
52.98,900,,
52.99,1000,,
53,1050,,
53.01,980,,
53.02,1030,,
53.03,1060,,
53.04,1090,,
53.05,1100,,
53.06,1160,,
53.07,1050,,
53.08,980,,
53.09,960,,
53.1,1080,,
53.11,1190,,
53.12,1170,,
53.13,1160,,
53.14,1190,,
53.15,1200,,
53.16,1250,,
53.17,1290,,
53.18,1320,,
53.19,1520,,
53.2,1630,,
53.21,1510,,
53.22,1500,,
53.23,1550,,
53.24,1590,,
53.25,1640,,
53.26,1770,,
53.27,1790,,
53.28,1720,,
53.29,1890,,
53.3,2050,,
53.31,2130,,
53.32,2180,,
53.33,2150,,
53.34,2130,,
53.35,2260,,
53.36,2120,,
53.37,2330,,
53.38,2260,,
53.39,2080,,
53.4,2010,,
53.41,2050,,
53.42,2060,,
53.43,1820,,
53.44,1950,,
53.45,1860,,
53.46,1860,,
53.47,1910,,
53.48,1890,,
53.49,1930,,
53.5,1980,,
53.51,1870,,
53.52,1820,,
53.53,1760,,
53.54,1620,,
53.55,1490,,
53.56,1430,,
53.57,1490,,
53.58,1550,,
53.59,1470,,
53.6,1250,,
53.61,1280,,
53.62,1230,,
53.63,1280,,
53.64,1200,,
53.65,1020,,
53.66,1050,,
53.67,1140,,
53.68,1180,,
53.69,1080,,
53.7,1050,,
53.71,1150,,
53.72,1110,,
53.73,1070,,
53.74,920,,
53.75,890,,
53.76,1000,,
53.77,1090,,
53.78,970,,
53.79,960,,
53.8,1030,,
53.81,1070,,
53.82,1060,,
53.83,970,,
53.84,860,,
53.85,920,,
53.86,1030,,
53.87,1040,,
53.88,1070,,
53.89,920,,
53.9,980,,
53.91,870,,
53.92,870,,
53.93,1000,,
53.94,1040,,
53.95,890,,
53.96,870,,
53.97,870,,
53.98,900,,
53.99,950,,
54,910,,
54.01,940,,
54.02,950,,
54.03,940,,
54.04,1070,,
54.05,1010,,
54.06,1010,,
54.07,920,,
54.08,810,,
54.09,1000,,
54.1,990,,
54.11,910,,
54.12,870,,
54.13,960,,
54.14,990,,
54.15,920,,
54.16,930,,
54.17,940,,
54.18,820,,
54.19,860,,
54.2,860,,
54.21,930,,
54.22,830,,
54.23,950,,
54.24,960,,
54.25,1040,,
54.26,830,,
54.27,790,,
54.28,830,,
54.29,1000,,
54.3,880,,
54.31,980,,
54.32,930,,
54.33,970,,
54.34,1020,,
54.35,1080,,
54.36,880,,
54.37,780,,
54.38,770,,
54.39,840,,
54.4,960,,
54.41,1070,,
54.42,1040,,
54.43,1100,,
54.44,940,,
54.45,1040,,
54.46,940,,
54.47,940,,
54.48,930,,
54.49,1010,,
54.5,900,,
54.51,950,,
54.52,920,,
54.53,860,,
54.54,860,,
54.55,990,,
54.56,900,,
54.57,850,,
54.58,910,,
54.59,1050,,
54.6,990,,
54.61,880,,
54.62,890,,
54.63,980,,
54.64,880,,
54.65,960,,
54.66,840,,
54.67,1010,,
54.68,850,,
54.69,1060,,
54.7,1000,,
54.71,1030,,
54.72,870,,
54.73,920,,
54.74,1000,,
54.75,970,,
54.76,1030,,
54.77,1130,,
54.78,1050,,
54.79,1070,,
54.8,1010,,
54.81,1020,,
54.82,1070,,
54.83,990,,
54.84,1000,,
54.85,1020,,
54.86,1080,,
54.87,1040,,
54.88,1060,,
54.89,1020,,
54.9,950,,
54.91,1030,,
54.92,1100,,
54.93,960,,
54.94,1070,,
54.95,1120,,
54.96,1160,,
54.97,1150,,
54.98,1080,,
54.99,1160,,
55,1310,,
55.01,1130,,
55.02,1120,,
55.03,1230,,
55.04,1220,,
55.05,1080,,
55.06,1300,,
55.07,1380,,
55.08,1480,,
55.09,1400,,
55.1,1330,,
55.11,1530,,
55.12,1600,,
55.13,1480,,
55.14,1570,,
55.15,1500,,
55.16,1580,,
55.17,1790,,
55.18,2140,,
55.19,2270,,
55.2,2390,,
55.21,2550,,
55.22,2880,,
55.23,3240,,
55.24,3530,,
55.25,3700,,
55.26,4300,,
55.27,4740,,
55.28,4450,,
55.29,4770,,
55.3,5120,,
55.31,5100,,
55.32,4990,,
55.33,4890,,
55.34,4560,,
55.35,4320,,
55.36,4200,,
55.37,3880,,
55.38,3820,,
55.39,3500,,
55.4,3560,,
55.41,3640,,
55.42,3420,,
55.43,3310,,
55.44,3450,,
55.45,3410,,
55.46,3220,,
55.47,3010,,
55.48,2920,,
55.49,2770,,
55.5,2440,,
55.51,2260,,
55.52,2150,,
55.53,2110,,
55.54,2020,,
55.55,1990,,
55.56,1780,,
55.57,1840,,
55.58,1790,,
55.59,1480,,
55.6,1450,,
55.61,1410,,
55.62,1370,,
55.63,1370,,
55.64,1370,,
55.65,1280,,
55.66,1220,,
55.67,1180,,
55.68,1170,,
55.69,1210,,
55.7,1180,,
55.71,1170,,
55.72,960,,
55.73,950,,
55.74,1000,,
55.75,1070,,
55.76,1200,,
55.77,1250,,
55.78,1150,,
55.79,1120,,
55.8,970,,
55.81,990,,
55.82,940,,
55.83,1030,,
55.84,1090,,
55.85,960,,
55.86,1010,,
55.87,940,,
55.88,940,,
55.89,1020,,
55.9,950,,
55.91,930,,
55.92,1010,,
55.93,920,,
55.94,970,,
55.95,940,,
55.96,880,,
55.97,890,,
55.98,780,,
55.99,880,,
56,940,,
56.01,870,,
56.02,990,,
56.03,990,,
56.04,920,,
56.05,910,,
56.06,920,,
56.07,920,,
56.08,1100,,
56.09,1050,,
56.1,950,,
56.11,1040,,
56.12,980,,
56.13,890,,
56.14,990,,
56.15,910,,
56.16,870,,
56.17,1010,,
56.18,970,,
56.19,970,,
56.2,1040,,
56.21,1060,,
56.22,1040,,
56.23,990,,
56.24,1120,,
56.25,1060,,
56.26,930,,
56.27,980,,
56.28,930,,
56.29,1020,,
56.3,1120,,
56.31,1170,,
56.32,1050,,
56.33,960,,
56.34,900,,
56.35,1010,,
56.36,1120,,
56.37,1030,,
56.38,1040,,
56.39,1000,,
56.4,1020,,
56.41,1010,,
56.42,1030,,
56.43,1000,,
56.44,1050,,
56.45,1080,,
56.46,1000,,
56.47,970,,
56.48,1000,,
56.49,1150,,
56.5,1240,,
56.51,1180,,
56.52,1080,,
56.53,1130,,
56.54,1110,,
56.55,1080,,
56.56,1170,,
56.57,1070,,
56.58,1150,,
56.59,1250,,
56.6,1260,,
56.61,1310,,
56.62,1310,,
56.63,1350,,
56.64,1350,,
56.65,1210,,
56.66,1340,,
56.67,1430,,
56.68,1410,,
56.69,1380,,
56.7,1330,,
56.71,1330,,
56.72,1350,,
56.73,1250,,
56.74,1290,,
56.75,1270,,
56.76,1310,,
56.77,1340,,
56.78,1320,,
56.79,1370,,
56.8,1370,,
56.81,1320,,
56.82,1150,,
56.83,1270,,
56.84,1150,,
56.85,1270,,
56.86,1290,,
56.87,1110,,
56.88,1120,,
56.89,1190,,
56.9,980,,
56.91,1030,,
56.92,1060,,
56.93,1020,,
56.94,980,,
56.95,1010,,
56.96,990,,
56.97,1080,,
56.98,950,,
56.99,950,,
57,920,,
57.01,900,,
57.02,1030,,
57.03,1040,,
57.04,1080,,
57.05,1050,,
57.06,1230,,
57.07,1060,,
57.08,990,,
57.09,950,,
57.1,1010,,
57.11,930,,
57.12,890,,
57.13,950,,
57.14,1070,,
57.15,1020,,
57.16,960,,
57.17,940,,
57.18,940,,
57.19,880,,
57.2,1010,,
57.21,1060,,
57.22,900,,
57.23,950,,
57.24,1040,,
57.25,1090,,
57.26,990,,
57.27,910,,
57.28,900,,
57.29,1000,,
57.3,990,,
57.31,1040,,
57.32,1070,,
57.33,1020,,
57.34,990,,
57.35,890,,
57.36,920,,
57.37,1010,,
57.38,990,,
57.39,1030,,
57.4,830,,
57.41,880,,
57.42,1080,,
57.43,1000,,
57.44,1020,,
57.45,940,,
57.46,920,,
57.47,1000,,
57.48,1000,,
57.49,1050,,
57.5,990,,
57.51,980,,
57.52,940,,
57.53,930,,
57.54,960,,
57.55,1040,,
57.56,1010,,
57.57,1010,,
57.58,1010,,
57.59,970,,
57.6,990,,
57.61,940,,
57.62,890,,
57.63,900,,
57.64,1090,,
57.65,1000,,
57.66,1030,,
57.67,1020,,
57.68,1010,,
57.69,1030,,
57.7,1070,,
57.71,960,,
57.72,1030,,
57.73,1020,,
57.74,890,,
57.75,950,,
57.76,1070,,
57.77,1040,,
57.78,1080,,
57.79,1110,,
57.8,980,,
57.81,970,,
57.82,1010,,
57.83,1000,,
57.84,1100,,
57.85,1060,,
57.86,980,,
57.87,1010,,
57.88,1010,,
57.89,1110,,
57.9,1010,,
57.91,1000,,
57.92,960,,
57.93,920,,
57.94,1040,,
57.95,1120,,
57.96,1030,,
57.97,950,,
57.98,980,,
57.99,910,,
58,860,,
58.01,970,,
58.02,1010,,
58.03,1120,,
58.04,1150,,
58.05,1120,,
58.06,1050,,
58.07,1060,,
58.08,1070,,
58.09,920,,
58.1,940,,
58.11,920,,
58.12,930,,
58.13,1020,,
58.14,1080,,
58.15,1080,,
58.16,1030,,
58.17,910,,
58.18,1000,,
58.19,940,,
58.2,970,,
58.21,980,,
58.22,1010,,
58.23,980,,
58.24,970,,
58.25,950,,
58.26,1000,,
58.27,1010,,
58.28,960,,
58.29,1110,,
58.3,1100,,
58.31,1030,,
58.32,1090,,
58.33,990,,
58.34,930,,
58.35,940,,
58.36,990,,
58.37,1010,,
58.38,1100,,
58.39,1040,,
58.4,1000,,
58.41,1030,,
58.42,1040,,
58.43,1020,,
58.44,990,,
58.45,890,,
58.46,940,,
58.47,960,,
58.48,960,,
58.49,850,,
58.5,920,,
58.51,1070,,
58.52,1100,,
58.53,1060,,
58.54,1130,,
58.55,1050,,
58.56,1080,,
58.57,1160,,
58.58,980,,
58.59,1030,,
58.6,1080,,
58.61,1070,,
58.62,970,,
58.63,920,,
58.64,950,,
58.65,950,,
58.66,940,,
58.67,940,,
58.68,1020,,
58.69,1170,,
58.7,1170,,
58.71,1190,,
58.72,1020,,
58.73,930,,
58.74,830,,
58.75,870,,
58.76,960,,
58.77,1050,,
58.78,1040,,
58.79,920,,
58.8,920,,
58.81,950,,
58.82,1000,,
58.83,1020,,
58.84,1090,,
58.85,1070,,
58.86,940,,
58.87,910,,
58.88,970,,
58.89,910,,
58.9,830,,
58.91,890,,
58.92,1030,,
58.93,1060,,
58.94,1030,,
58.95,1090,,
58.96,970,,
58.97,1060,,
58.98,1090,,
58.99,930,,
59,920,,
59.01,1050,,
59.02,980,,
59.03,890,,
59.04,940,,
59.05,920,,
59.06,1000,,
59.07,980,,
59.08,960,,
59.09,960,,
59.1,1000,,
59.11,960,,
59.12,990,,
59.13,990,,
59.14,950,,
59.15,940,,
59.16,920,,
59.17,930,,
59.18,1030,,
59.19,1070,,
59.2,930,,
59.21,920,,
59.22,1040,,
59.23,990,,
59.24,860,,
59.25,880,,
59.26,1040,,
59.27,1020,,
59.28,920,,
59.29,830,,
59.3,980,,
59.31,950,,
59.32,1000,,
59.33,1020,,
59.34,990,,
59.35,1020,,
59.36,990,,
59.37,950,,
59.38,960,,
59.39,980,,
59.4,990,,
59.41,970,,
59.42,870,,
59.43,860,,
59.44,920,,
59.45,1030,,
59.46,940,,
59.47,860,,
59.48,990,,
59.49,1050,,
59.5,1060,,
59.51,1060,,
59.52,1050,,
59.53,950,,
59.54,920,,
59.55,980,,
59.56,990,,
59.57,1010,,
59.58,1050,,
59.59,1010,,
59.6,1050,,
59.61,1050,,
59.62,1100,,
59.63,960,,
59.64,910,,
59.65,980,,
59.66,1060,,
59.67,1050,,
59.68,1040,,
59.69,990,,
59.7,1000,,
59.71,950,,
59.72,870,,
59.73,970,,
59.74,1030,,
59.75,890,,
59.76,1030,,
59.77,1040,,
59.78,980,,
59.79,1050,,
59.8,1070,,
59.81,1020,,
59.82,1090,,
59.83,1150,,
59.84,1180,,
59.85,1240,,
59.86,1160,,
59.87,1140,,
59.88,1250,,
59.89,1300,,
59.9,1270,,
59.91,1160,,
59.92,1230,,
59.93,1280,,
59.94,1350,,
59.95,1400,,
59.96,1440,,
59.97,1360,,
59.98,1390,,
59.99,1450,,
60,1610,,
60.01,1540,,
60.02,1450,,
60.03,1380,,
60.04,1470,,
60.05,1550,,
60.06,1460,,
60.07,1510,,
60.08,1510,,
60.09,1440,,
60.1,1370,,
60.11,1480,,
60.12,1430,,
60.13,1440,,
60.14,1390,,
60.15,1420,,
60.16,1350,,
60.17,1280,,
60.18,1360,,
60.19,1330,,
60.2,1300,,
60.21,1310,,
60.22,1260,,
60.23,1190,,
60.24,1190,,
60.25,1250,,
60.26,1210,,
60.27,1140,,
60.28,1220,,
60.29,1300,,
60.3,1120,,
60.31,1140,,
60.32,1210,,
60.33,1150,,
60.34,1000,,
60.35,980,,
60.36,990,,
60.37,1040,,
60.38,1090,,
60.39,1050,,
60.4,1100,,
60.41,1080,,
60.42,1030,,
60.43,1000,,
60.44,1080,,
60.45,940,,
60.46,970,,
60.47,1060,,
60.48,1140,,
60.49,1080,,
60.5,960,,
60.51,950,,
60.52,1050,,
60.53,1080,,
60.54,1010,,
60.55,970,,
60.56,1040,,
60.57,1010,,
60.58,1080,,
60.59,1100,,
60.6,1050,,
60.61,980,,
60.62,960,,
60.63,940,,
60.64,970,,
60.65,1000,,
60.66,930,,
60.67,930,,
60.68,910,,
60.69,920,,
60.7,950,,
60.71,940,,
60.72,940,,
60.73,960,,
60.74,990,,
60.75,970,,
60.76,1020,,
60.77,1030,,
60.78,1050,,
60.79,1090,,
60.8,1050,,
60.81,1080,,
60.82,1010,,
60.83,1010,,
60.84,950,,
60.85,960,,
60.86,960,,
60.87,980,,
60.88,940,,
60.89,1030,,
60.9,1030,,
60.91,980,,
60.92,950,,
60.93,880,,
60.94,870,,
60.95,940,,
60.96,1040,,
60.97,1050,,
60.98,1030,,
60.99,1040,,
61,1020,,
61.01,980,,
61.02,980,,
61.03,970,,
61.04,1120,,
61.05,1060,,
61.06,920,,
61.07,970,,
61.08,1000,,
61.09,1070,,
61.1,1120,,
61.11,990,,
61.12,950,,
61.13,1020,,
61.14,1010,,
61.15,920,,
61.16,900,,
61.17,970,,
61.18,1030,,
61.19,980,,
61.2,930,,
61.21,950,,
61.22,1040,,
61.23,1040,,
61.24,1080,,
61.25,1090,,
61.26,960,,
61.27,900,,
61.28,980,,
61.29,930,,
61.3,1030,,
61.31,990,,
61.32,1060,,
61.33,1130,,
61.34,1130,,
61.35,980,,
61.36,1000,,
61.37,1040,,
61.38,1010,,
61.39,970,,
61.4,1000,,
61.41,970,,
61.42,930,,
61.43,960,,
61.44,950,,
61.45,980,,
61.46,1040,,
61.47,1000,,
61.48,1070,,
61.49,960,,
61.5,950,,
61.51,1010,,
61.52,950,,
61.53,950,,
61.54,1000,,
61.55,1050,,
61.56,1050,,
61.57,1050,,
61.58,1080,,
61.59,1100,,
61.6,1010,,
61.61,980,,
61.62,1080,,
61.63,1160,,
61.64,1060,,
61.65,1020,,
61.66,970,,
61.67,960,,
61.68,1020,,
61.69,1020,,
61.7,990,,
61.71,970,,
61.72,1000,,
61.73,970,,
61.74,960,,
61.75,1040,,
61.76,1060,,
61.77,1090,,
61.78,1010,,
61.79,1000,,
61.8,1010,,
61.81,1050,,
61.82,1060,,
61.83,1020,,
61.84,1050,,
61.85,1020,,
61.86,1020,,
61.87,1050,,
61.88,1050,,
61.89,1080,,
61.9,1090,,
61.91,1140,,
61.92,1120,,
61.93,1120,,
61.94,1120,,
61.95,1150,,
61.96,1160,,
61.97,1230,,
61.98,1170,,
61.99,1110,,
62,1200,,
62.01,1140,,
62.02,1090,,
62.03,1100,,
62.04,1070,,
62.05,1070,,
62.06,1130,,
62.07,1100,,
62.08,1270,,
62.09,1290,,
62.1,1220,,
62.11,1200,,
62.12,1250,,
62.13,1280,,
62.14,1210,,
62.15,1240,,
62.16,1290,,
62.17,1270,,
62.18,1330,,
62.19,1330,,
62.2,1300,,
62.21,1320,,
62.22,1410,,
62.23,1410,,
62.24,1430,,
62.25,1430,,
62.26,1500,,
62.27,1580,,
62.28,1560,,
62.29,1520,,
62.3,1520,,
62.31,1690,,
62.32,1720,,
62.33,1880,,
62.34,1990,,
62.35,2120,,
62.36,2190,,
62.37,2400,,
62.38,2780,,
62.39,3000,,
62.4,3330,,
62.41,3810,,
62.42,4100,,
62.43,4400,,
62.44,4980,,
62.45,5460,,
62.46,6240,,
62.47,6950,,
62.48,7160,,
62.49,7340,,
62.5,7320,,
62.51,7110,,
62.52,6860,,
62.53,6390,,
62.54,5960,,
62.55,5830,,
62.56,5670,,
62.57,5210,,
62.58,4910,,
62.59,5030,,
62.6,5180,,
62.61,5270,,
62.62,5560,,
62.63,5710,,
62.64,5650,,
62.65,5780,,
62.66,5760,,
62.67,5540,,
62.68,5280,,
62.69,5030,,
62.7,4750,,
62.71,4510,,
62.72,4240,,
62.73,3780,,
62.74,3570,,
62.75,3290,,
62.76,3160,,
62.77,3040,,
62.78,2860,,
62.79,2810,,
62.8,2670,,
62.81,2430,,
62.82,2280,,
62.83,2280,,
62.84,2240,,
62.85,2190,,
62.86,2070,,
62.87,2030,,
62.88,1930,,
62.89,1910,,
62.9,1860,,
62.91,1840,,
62.92,1830,,
62.93,1850,,
62.94,1750,,
62.95,1670,,
62.96,1510,,
62.97,1490,,
62.98,1500,,
62.99,1500,,
63,1460,,
63.01,1390,,
63.02,1400,,
63.03,1420,,
63.04,1380,,
63.05,1360,,
63.06,1350,,
63.07,1240,,
63.08,1220,,
63.09,1350,,
63.1,1440,,
63.11,1330,,
63.12,1350,,
63.13,1350,,
63.14,1270,,
63.15,1240,,
63.16,1210,,
63.17,1270,,
63.18,1260,,
63.19,1200,,
63.2,1180,,
63.21,1270,,
63.22,1200,,
63.23,1140,,
63.24,1200,,
63.25,1280,,
63.26,1250,,
63.27,1200,,
63.28,1150,,
63.29,1110,,
63.3,1160,,
63.31,1150,,
63.32,1180,,
63.33,1330,,
63.34,1330,,
63.35,1360,,
63.36,1290,,
63.37,1230,,
63.38,1270,,
63.39,1320,,
63.4,1300,,
63.41,1330,,
63.42,1410,,
63.43,1470,,
63.44,1530,,
63.45,1540,,
63.46,1480,,
63.47,1480,,
63.48,1490,,
63.49,1520,,
63.5,1620,,
63.51,1790,,
63.52,1760,,
63.53,1660,,
63.54,1740,,
63.55,1850,,
63.56,1930,,
63.57,2100,,
63.58,2190,,
63.59,2320,,
63.6,2430,,
63.61,2450,,
63.62,2590,,
63.63,2730,,
63.64,3020,,
63.65,3470,,
63.66,3810,,
63.67,3990,,
63.68,4180,,
63.69,4490,,
63.7,4930,,
63.71,5350,,
63.72,5420,,
63.73,5540,,
63.74,5880,,
63.75,5820,,
63.76,5570,,
63.77,5700,,
63.78,5570,,
63.79,5680,,
63.8,5600,,
63.81,5300,,
63.82,5100,,
63.83,5110,,
63.84,4920,,
63.85,4610,,
63.86,4560,,
63.87,4460,,
63.88,4400,,
63.89,4460,,
63.9,4210,,
63.91,4000,,
63.92,3910,,
63.93,3810,,
63.94,3830,,
63.95,3850,,
63.96,3780,,
63.97,3430,,
63.98,3140,,
63.99,3070,,
64,3010,,
64.01,2840,,
64.02,2650,,
64.03,2580,,
64.04,2520,,
64.05,2430,,
64.06,2230,,
64.07,2040,,
64.08,1930,,
64.09,1830,,
64.1,1660,,
64.11,1600,,
64.12,1700,,
64.13,1660,,
64.14,1740,,
64.15,1760,,
64.16,1570,,
64.17,1460,,
64.18,1420,,
64.19,1440,,
64.2,1370,,
64.21,1400,,
64.22,1440,,
64.23,1450,,
64.24,1440,,
64.25,1380,,
64.26,1310,,
64.27,1310,,
64.28,1290,,
64.29,1280,,
64.3,1380,,
64.31,1430,,
64.32,1340,,
64.33,1370,,
64.34,1410,,
64.35,1420,,
64.36,1410,,
64.37,1360,,
64.38,1400,,
64.39,1460,,
64.4,1430,,
64.41,1440,,
64.42,1530,,
64.43,1670,,
64.44,1840,,
64.45,1990,,
64.46,2110,,
64.47,2240,,
64.48,2360,,
64.49,2560,,
64.5,2820,,
64.51,2980,,
64.52,3030,,
64.53,3270,,
64.54,3540,,
64.55,3640,,
64.56,3640,,
64.57,3530,,
64.58,3530,,
64.59,3530,,
64.6,3100,,
64.61,2820,,
64.62,2770,,
64.63,2470,,
64.64,2320,,
64.65,2390,,
64.66,2440,,
64.67,2510,,
64.68,2520,,
64.69,2510,,
64.7,2460,,
64.71,2440,,
64.72,2440,,
64.73,2360,,
64.74,2290,,
64.75,2340,,
64.76,2390,,
64.77,2330,,
64.78,2250,,
64.79,2060,,
64.8,1910,,
64.81,1740,,
64.82,1600,,
64.83,1560,,
64.84,1450,,
64.85,1380,,
64.86,1350,,
64.87,1370,,
64.88,1380,,
64.89,1370,,
64.9,1310,,
64.91,1220,,
64.92,1180,,
64.93,1270,,
64.94,1330,,
64.95,1190,,
64.96,1080,,
64.97,1140,,
64.98,1150,,
64.99,1130,,
65,1160,,
65.01,1210,,
65.02,1180,,
65.03,1130,,
65.04,1100,,
65.05,1090,,
65.06,1000,,
65.07,1030,,
65.08,1140,,
65.09,1110,,
65.1,1090,,
65.11,1050,,
65.12,1020,,
65.13,990,,
65.14,1000,,
65.15,1080,,
65.16,1090,,
65.17,1000,,
65.18,910,,
65.19,920,,
65.2,990,,
65.21,1030,,
65.22,1090,,
65.23,1070,,
65.24,1040,,
65.25,1080,,
65.26,1000,,
65.27,940,,
65.28,1040,,
65.29,1060,,
65.3,1010,,
65.31,1070,,
65.32,1100,,
65.33,1020,,
65.34,960,,
65.35,1010,,
65.36,1050,,
65.37,1020,,
65.38,1030,,
65.39,1040,,
65.4,1040,,
65.41,1090,,
65.42,1190,,
65.43,1190,,
65.44,1070,,
65.45,990,,
65.46,990,,
65.47,1010,,
65.48,1050,,
65.49,1050,,
65.5,940,,
65.51,880,,
65.52,1020,,
65.53,1030,,
65.54,940,,
65.55,1040,,
65.56,1130,,
65.57,1100,,
65.58,1060,,
65.59,1010,,
65.6,950,,
65.61,900,,
65.62,910,,
65.63,980,,
65.64,1060,,
65.65,1100,,
65.66,1030,,
65.67,980,,
65.68,1020,,
65.69,1030,,
65.7,1010,,
65.71,1030,,
65.72,1120,,
65.73,1140,,
65.74,1010,,
65.75,1000,,
65.76,1100,,
65.77,1180,,
65.78,1120,,
65.79,1030,,
65.8,1020,,
65.81,980,,
65.82,980,,
65.83,1000,,
65.84,950,,
65.85,870,,
65.86,950,,
65.87,980,,
65.88,970,,
65.89,950,,
65.9,880,,
65.91,920,,
65.92,960,,
65.93,960,,
65.94,930,,
65.95,950,,
65.96,1100,,
65.97,1080,,
65.98,950,,
65.99,930,,
66,900,,
66.01,890,,
66.02,980,,
66.03,1100,,
66.04,1090,,
66.05,980,,
66.06,940,,
66.07,990,,
66.08,990,,
66.09,970,,
66.1,1010,,
66.11,1030,,
66.12,950,,
66.13,990,,
66.14,1070,,
66.15,1030,,
66.16,940,,
66.17,890,,
66.18,900,,
66.19,980,,
66.2,1040,,
66.21,990,,
66.22,950,,
66.23,950,,
66.24,940,,
66.25,950,,
66.26,910,,
66.27,910,,
66.28,1020,,
66.29,1100,,
66.3,980,,
66.31,950,,
66.32,980,,
66.33,950,,
66.34,930,,
66.35,940,,
66.36,1010,,
66.37,1050,,
66.38,1020,,
66.39,920,,
66.4,890,,
66.41,920,,
66.42,960,,
66.43,1000,,
66.44,1010,,
66.45,1000,,
66.46,980,,
66.47,1000,,
66.48,1000,,
66.49,1040,,
66.5,1030,,
66.51,970,,
66.52,950,,
66.53,950,,
66.54,1010,,
66.55,1030,,
66.56,980,,
66.57,890,,
66.58,840,,
66.59,950,,
66.6,1050,,
66.61,1020,,
66.62,980,,
66.63,970,,
66.64,1010,,
66.65,990,,
66.66,970,,
66.67,950,,
66.68,900,,
66.69,810,,
66.7,880,,
66.71,1010,,
66.72,1030,,
66.73,1060,,
66.74,1010,,
66.75,980,,
66.76,1050,,
66.77,1030,,
66.78,1020,,
66.79,1080,,
66.8,1140,,
66.81,1080,,
66.82,990,,
66.83,930,,
66.84,930,,
66.85,1010,,
66.86,1040,,
66.87,1010,,
66.88,990,,
66.89,970,,
66.9,930,,
66.91,990,,
66.92,1070,,
66.93,1020,,
66.94,1060,,
66.95,1090,,
66.96,930,,
66.97,830,,
66.98,850,,
66.99,970,,
67,1050,,
67.01,1040,,
67.02,1040,,
67.03,980,,
67.04,960,,
67.05,1000,,
67.06,1000,,
67.07,960,,
67.08,920,,
67.09,970,,
67.1,1010,,
67.11,990,,
67.12,990,,
67.13,1070,,
67.14,1080,,
67.15,1000,,
67.16,960,,
67.17,1010,,
67.18,1020,,
67.19,970,,
67.2,970,,
67.21,960,,
67.22,970,,
67.23,960,,
67.24,900,,
67.25,890,,
67.26,950,,
67.27,990,,
67.28,980,,
67.29,960,,
67.3,980,,
67.31,1020,,
67.32,1000,,
67.33,1030,,
67.34,980,,
67.35,930,,
67.36,1010,,
67.37,1020,,
67.38,1000,,
67.39,960,,
67.4,900,,
67.41,910,,
67.42,940,,
67.43,980,,
67.44,1040,,
67.45,1100,,
67.46,1160,,
67.47,1080,,
67.48,1030,,
67.49,1090,,
67.5,1050,,
67.51,950,,
67.52,890,,
67.53,960,,
67.54,1010,,
67.55,950,,
67.56,1010,,
67.57,1040,,
67.58,970,,
67.59,950,,
67.6,940,,
67.61,910,,
67.62,910,,
67.63,940,,
67.64,940,,
67.65,910,,
67.66,920,,
67.67,920,,
67.68,970,,
67.69,1060,,
67.7,1040,,
67.71,1020,,
67.72,1090,,
67.73,1160,,
67.74,1110,,
67.75,980,,
67.76,940,,
67.77,1010,,
67.78,1020,,
67.79,930,,
67.8,910,,
67.81,1010,,
67.82,1010,,
67.83,970,,
67.84,1010,,
67.85,1070,,
67.86,1040,,
67.87,930,,
67.88,920,,
67.89,940,,
67.9,1000,,
67.91,1090,,
67.92,1120,,
67.93,1080,,
67.94,1020,,
67.95,990,,
67.96,1000,,
67.97,1030,,
67.98,1000,,
67.99,940,,
68,890,,
68.01,950,,
68.02,1010,,
68.03,970,,
68.04,1000,,
68.05,1050,,
68.06,1060,,
68.07,1030,,
68.08,980,,
68.09,1050,,
68.1,1090,,
68.11,1090,,
68.12,1110,,
68.13,1070,,
68.14,1020,,
68.15,990,,
68.16,990,,
68.17,1010,,
68.18,1040,,
68.19,1020,,
68.2,990,,
68.21,1030,,
68.22,1060,,
68.23,1080,,
68.24,1010,,
68.25,980,,
68.26,1040,,
68.27,1120,,
68.28,1140,,
68.29,1090,,
68.3,1010,,
68.31,990,,
68.32,1020,,
68.33,1070,,
68.34,1090,,
68.35,1040,,
68.36,920,,
68.37,870,,
68.38,950,,
68.39,1010,,
68.4,1030,,
68.41,990,,
68.42,990,,
68.43,1010,,
68.44,950,,
68.45,970,,
68.46,1050,,
68.47,1110,,
68.48,1080,,
68.49,1020,,
68.5,1050,,
68.51,1100,,
68.52,1100,,
68.53,1050,,
68.54,1080,,
68.55,1020,,
68.56,940,,
68.57,950,,
68.58,920,,
68.59,950,,
68.6,1040,,
68.61,1110,,
68.62,1090,,
68.63,1030,,
68.64,1050,,
68.65,1040,,
68.66,1070,,
68.67,1060,,
68.68,980,,
68.69,920,,
68.7,880,,
68.71,1000,,
68.72,990,,
68.73,980,,
68.74,1040,,
68.75,1010,,
68.76,1010,,
68.77,1010,,
68.78,930,,
68.79,900,,
68.8,1010,,
68.81,1070,,
68.82,1030,,
68.83,980,,
68.84,920,,
68.85,920,,
68.86,1000,,
68.87,1010,,
68.88,980,,
68.89,910,,
68.9,950,,
68.91,1010,,
68.92,1020,,
68.93,1060,,
68.94,1050,,
68.95,950,,
68.96,860,,
68.97,890,,
68.98,990,,
68.99,1010,,
69,990,,
69.01,990,,
69.02,980,,
69.03,1040,,
69.04,1130,,
69.05,1200,,
69.06,1120,,
69.07,1060,,
69.08,980,,
69.09,920,,
69.1,1020,,
69.11,1100,,
69.12,1040,,
69.13,990,,
69.14,1010,,
69.15,1040,,
69.16,970,,
69.17,850,,
69.18,960,,
69.19,1040,,
69.2,1030,,
69.21,1060,,
69.22,1090,,
69.23,1120,,
69.24,1060,,
69.25,970,,
69.26,960,,
69.27,1050,,
69.28,1120,,
69.29,1080,,
69.3,1010,,
69.31,1000,,
69.32,970,,
69.33,970,,
69.34,970,,
69.35,1050,,
69.36,1130,,
69.37,1010,,
69.38,960,,
69.39,920,,
69.4,890,,
69.41,920,,
69.42,970,,
69.43,960,,
69.44,1000,,
69.45,1020,,
69.46,1040,,
69.47,1030,,
69.48,970,,
69.49,990,,
69.5,1000,,
69.51,980,,
69.52,980,,
69.53,970,,
69.54,930,,
69.55,960,,
69.56,1020,,
69.57,1090,,
69.58,1100,,
69.59,1090,,
69.6,1030,,
69.61,960,,
69.62,970,,
69.63,1080,,
69.64,1110,,
69.65,1010,,
69.66,1000,,
69.67,1050,,
69.68,970,,
69.69,890,,
69.7,880,,
69.71,890,,
69.72,950,,
69.73,1030,,
69.74,1070,,
69.75,1000,,
69.76,940,,
69.77,1010,,
69.78,960,,
69.79,1000,,
69.8,1050,,
69.81,1000,,
69.82,1000,,
69.83,990,,
69.84,930,,
69.85,960,,
69.86,1050,,
69.87,1010,,
69.88,960,,
69.89,1040,,
69.9,1030,,
69.91,1010,,
69.92,1010,,
69.93,940,,
69.94,880,,
69.95,910,,
69.96,900,,
69.97,910,,
69.98,930,,
69.99,980,,
70,960,,
70.01,1030,,
70.02,1130,,
70.03,1190,,
70.04,1180,,
70.05,1160,,
70.06,1090,,
70.07,1000,,
70.08,1000,,
70.09,1020,,
70.1,1030,,
70.11,1110,,
70.12,1210,,
70.13,1110,,
70.14,990,,
70.15,1000,,
70.16,1030,,
70.17,1030,,
70.18,1040,,
70.19,1130,,
70.2,1010,,
70.21,1000,,
70.22,960,,
70.23,940,,
70.24,1040,,
70.25,1040,,
70.26,1010,,
70.27,1010,,
70.28,1090,,
70.29,1120,,
70.3,1020,,
70.31,1040,,
70.32,1080,,
70.33,1030,,
70.34,1050,,
70.35,1140,,
70.36,1140,,
70.37,1090,,
70.38,1170,,
70.39,1260,,
70.4,1160,,
70.41,1100,,
70.42,1010,,
70.43,990,,
70.44,1100,,
70.45,1100,,
70.46,1070,,
70.47,1030,,
70.48,1100,,
70.49,1230,,
70.5,1220,,
70.51,1190,,
70.52,1180,,
70.53,1220,,
70.54,1340,,
70.55,1350,,
70.56,1280,,
70.57,1310,,
70.58,1270,,
70.59,1250,,
70.6,1330,,
70.61,1400,,
70.62,1360,,
70.63,1380,,
70.64,1390,,
70.65,1360,,
70.66,1470,,
70.67,1640,,
70.68,1600,,
70.69,1510,,
70.7,1470,,
70.71,1450,,
70.72,1500,,
70.73,1520,,
70.74,1600,,
70.75,1670,,
70.76,1620,,
70.77,1520,,
70.78,1680,,
70.79,1900,,
70.8,1970,,
70.81,2020,,
70.82,1840,,
70.83,1730,,
70.84,1740,,
70.85,1710,,
70.86,1650,,
70.87,1760,,
70.88,1780,,
70.89,1730,,
70.9,1740,,
70.91,1810,,
70.92,1870,,
70.93,1800,,
70.94,1650,,
70.95,1660,,
70.96,1700,,
70.97,1650,,
70.98,1590,,
70.99,1610,,
71,1590,,
71.01,1570,,
71.02,1520,,
71.03,1580,,
71.04,1640,,
71.05,1620,,
71.06,1680,,
71.07,1590,,
71.08,1370,,
71.09,1310,,
71.1,1430,,
71.11,1450,,
71.12,1330,,
71.13,1300,,
71.14,1240,,
71.15,1260,,
71.16,1300,,
71.17,1210,,
71.18,1190,,
71.19,1280,,
71.2,1170,,
71.21,1190,,
71.22,1200,,
71.23,1140,,
71.24,1160,,
71.25,1140,,
71.26,1110,,
71.27,1160,,
71.28,1140,,
71.29,1160,,
71.3,1120,,
71.31,1070,,
71.32,1050,,
71.33,1040,,
71.34,1060,,
71.35,1010,,
71.36,930,,
71.37,1000,,
71.38,1050,,
71.39,1060,,
71.4,1050,,
71.41,1050,,
71.42,1030,,
71.43,1160,,
71.44,1140,,
71.45,1090,,
71.46,1120,,
71.47,1040,,
71.48,1070,,
71.49,1080,,
71.5,1020,,
71.51,970,,
71.52,1020,,
71.53,1060,,
71.54,960,,
71.55,1000,,
71.56,1040,,
71.57,1020,,
71.58,1040,,
71.59,1030,,
71.6,1030,,
71.61,1160,,
71.62,1170,,
71.63,1040,,
71.64,990,,
71.65,1010,,
71.66,1060,,
71.67,1020,,
71.68,1040,,
71.69,1110,,
71.7,1090,,
71.71,1030,,
71.72,940,,
71.73,1030,,
71.74,1140,,
71.75,1170,,
71.76,1080,,
71.77,1020,,
71.78,920,,
71.79,890,,
71.8,980,,
71.81,1070,,
71.82,1040,,
71.83,980,,
71.84,960,,
71.85,930,,
71.86,1010,,
71.87,910,,
71.88,950,,
71.89,970,,
71.9,970,,
71.91,970,,
71.92,960,,
71.93,1010,,
71.94,1020,,
71.95,1060,,
71.96,1160,,
71.97,1200,,
71.98,1120,,
71.99,1060,,
72,1100,,
72.01,1130,,
72.02,1050,,
72.03,970,,
72.04,950,,
72.05,1050,,
72.06,1060,,
72.07,1110,,
72.08,1090,,
72.09,1010,,
72.1,1050,,
72.11,1040,,
72.12,1030,,
72.13,1090,,
72.14,1120,,
72.15,1150,,
72.16,1130,,
72.17,1220,,
72.18,1420,,
72.19,1430,,
72.2,1250,,
72.21,1280,,
72.22,1300,,
72.23,1320,,
72.24,1270,,
72.25,1360,,
72.26,1520,,
72.27,1530,,
72.28,1700,,
72.29,1840,,
72.3,1880,,
72.31,1860,,
72.32,2030,,
72.33,2210,,
72.34,2360,,
72.35,2420,,
72.36,2430,,
72.37,2550,,
72.38,2600,,
72.39,2600,,
72.4,2550,,
72.41,2410,,
72.42,2200,,
72.43,2160,,
72.44,2220,,
72.45,2140,,
72.46,2090,,
72.47,2060,,
72.48,1960,,
72.49,1970,,
72.5,1890,,
72.51,1940,,
72.52,2020,,
72.53,1950,,
72.54,1950,,
72.55,1900,,
72.56,1900,,
72.57,2050,,
72.58,1940,,
72.59,1880,,
72.6,1880,,
72.61,1900,,
72.62,1870,,
72.63,1740,,
72.64,1670,,
72.65,1740,,
72.66,1700,,
72.67,1530,,
72.68,1390,,
72.69,1450,,
72.7,1500,,
72.71,1410,,
72.72,1250,,
72.73,1220,,
72.74,1280,,
72.75,1330,,
72.76,1230,,
72.77,1230,,
72.78,1210,,
72.79,1160,,
72.8,1180,,
72.81,1220,,
72.82,1270,,
72.83,1210,,
72.84,1190,,
72.85,1280,,
72.86,1240,,
72.87,1230,,
72.88,1310,,
72.89,1330,,
72.9,1260,,
72.91,1180,,
72.92,1160,,
72.93,1180,,
72.94,1310,,
72.95,1390,,
72.96,1320,,
72.97,1390,,
72.98,1430,,
72.99,1600,,
73,1590,,
73.01,1460,,
73.02,1660,,
73.03,1920,,
73.04,2080,,
73.05,2040,,
73.06,2100,,
73.07,2160,,
73.08,2210,,
73.09,2280,,
73.1,2370,,
73.11,2570,,
73.12,2500,,
73.13,2640,,
73.14,2790,,
73.15,2660,,
73.16,2500,,
73.17,2390,,
73.18,2340,,
73.19,2230,,
73.2,2260,,
73.21,2380,,
73.22,2130,,
73.23,1910,,
73.24,2010,,
73.25,1960,,
73.26,1860,,
73.27,1850,,
73.28,1950,,
73.29,1890,,
73.3,1880,,
73.31,1890,,
73.32,1910,,
73.33,1940,,
73.34,1930,,
73.35,1900,,
73.36,1940,,
73.37,1780,,
73.38,1620,,
73.39,1600,,
73.4,1720,,
73.41,1710,,
73.42,1560,,
73.43,1600,,
73.44,1500,,
73.45,1390,,
73.46,1300,,
73.47,1330,,
73.48,1330,,
73.49,1340,,
73.5,1320,,
73.51,1270,,
73.52,1180,,
73.53,1100,,
73.54,1070,,
73.55,1010,,
73.56,1040,,
73.57,1160,,
73.58,1180,,
73.59,1140,,
73.6,1100,,
73.61,1120,,
73.62,1130,,
73.63,1140,,
73.64,1120,,
73.65,990,,
73.66,1050,,
73.67,1120,,
73.68,1030,,
73.69,930,,
73.7,950,,
73.71,1040,,
73.72,1020,,
73.73,1110,,
73.74,1150,,
73.75,1050,,
73.76,1070,,
73.77,1040,,
73.78,1040,,
73.79,990,,
73.8,990,,
73.81,1010,,
73.82,980,,
73.83,880,,
73.84,870,,
73.85,960,,
73.86,950,,
73.87,910,,
73.88,950,,
73.89,1070,,
73.9,1120,,
73.91,1060,,
73.92,880,,
73.93,880,,
73.94,850,,
73.95,830,,
73.96,940,,
73.97,930,,
73.98,950,,
73.99,1030,,
74,1030,,
74.01,930,,
74.02,900,,
74.03,1000,,
74.04,970,,
74.05,900,,
74.06,900,,
74.07,910,,
74.08,970,,
74.09,1040,,
74.1,1050,,
74.11,990,,
74.12,1030,,
74.13,1030,,
74.14,910,,
74.15,900,,
74.16,990,,
74.17,880,,
74.18,940,,
74.19,980,,
74.2,1020,,
74.21,920,,
74.22,950,,
74.23,1010,,
74.24,1040,,
74.25,1150,,
74.26,1120,,
74.27,1030,,
74.28,1050,,
74.29,1050,,
74.3,1050,,
74.31,1100,,
74.32,1030,,
74.33,1100,,
74.34,1090,,
74.35,1070,,
74.36,1130,,
74.37,1180,,
74.38,1160,,
74.39,1090,,
74.4,1170,,
74.41,1130,,
74.42,990,,
74.43,1000,,
74.44,1080,,
74.45,1070,,
74.46,1140,,
74.47,1050,,
74.48,1060,,
74.49,1130,,
74.5,1120,,
74.51,1080,,
74.52,1080,,
74.53,1140,,
74.54,1160,,
74.55,1050,,
74.56,1130,,
74.57,1160,,
74.58,1010,,
74.59,1080,,
74.6,1040,,
74.61,1020,,
74.62,1110,,
74.63,1020,,
74.64,960,,
74.65,950,,
74.66,860,,
74.67,940,,
74.68,1010,,
74.69,1090,,
74.7,990,,
74.71,860,,
74.72,800,,
74.73,840,,
74.74,890,,
74.75,900,,
74.76,900,,
74.77,970,,
74.78,980,,
74.79,930,,
74.8,920,,
74.81,1030,,
74.82,1010,,
74.83,930,,
74.84,870,,
74.85,950,,
74.86,940,,
74.87,910,,
74.88,940,,
74.89,890,,
74.9,890,,
74.91,920,,
74.92,900,,
74.93,990,,
74.94,1010,,
74.95,930,,
74.96,950,,
74.97,940,,
74.98,940,,
74.99,970,,
75,910,,
75.01,890,,
75.02,890,,
75.03,1040,,
75.04,1020,,
75.05,1050,,
75.06,930,,
75.07,920,,
75.08,930,,
75.09,870,,
75.1,900,,
75.11,970,,
75.12,970,,
75.13,1040,,
75.14,1030,,
75.15,1050,,
75.16,940,,
75.17,840,,
75.18,960,,
75.19,980,,
75.2,960,,
75.21,840,,
75.22,810,,
75.23,820,,
75.24,890,,
75.25,870,,
75.26,910,,
75.27,960,,
75.28,950,,
75.29,980,,
75.3,980,,
75.31,970,,
75.32,900,,
75.33,830,,
75.34,880,,
75.35,900,,
75.36,930,,
75.37,990,,
75.38,990,,
75.39,920,,
75.4,910,,
75.41,910,,
75.42,850,,
75.43,960,,
75.44,1060,,
75.45,1070,,
75.46,930,,
75.47,920,,
75.48,950,,
75.49,990,,
75.5,1030,,
75.51,930,,
75.52,880,,
75.53,910,,
75.54,920,,
75.55,880,,
75.56,900,,
75.57,930,,
75.58,900,,
75.59,880,,
75.6,920,,
75.61,940,,
75.62,890,,
75.63,910,,
75.64,1070,,
75.65,1040,,
75.66,950,,
75.67,810,,
75.68,900,,
75.69,960,,
75.7,1000,,
75.71,860,,
75.72,920,,
75.73,1020,,
75.74,1030,,
75.75,970,,
75.76,920,,
75.77,920,,
75.78,920,,
75.79,910,,
75.8,970,,
75.81,990,,
75.82,970,,
75.83,960,,
75.84,930,,
75.85,970,,
75.86,940,,
75.87,1050,,
75.88,880,,
75.89,710,,
75.9,760,,
75.91,880,,
75.92,940,,
75.93,880,,
75.94,950,,
75.95,1060,,
75.96,990,,
75.97,980,,
75.98,990,,
75.99,950,,
76,870,,
76.01,850,,
76.02,840,,
76.03,870,,
76.04,970,,
76.05,1060,,
76.06,990,,
76.07,970,,
76.08,960,,
76.09,820,,
76.1,870,,
76.11,930,,
76.12,890,,
76.13,1020,,
76.14,1020,,
76.15,980,,
76.16,1020,,
76.17,990,,
76.18,880,,
76.19,990,,
76.2,860,,
76.21,850,,
76.22,920,,
76.23,920,,
76.24,830,,
76.25,830,,
76.26,960,,
76.27,940,,
76.28,1000,,
76.29,1010,,
76.3,990,,
76.31,1030,,
76.32,1050,,
76.33,910,,
76.34,900,,
76.35,870,,
76.36,880,,
76.37,950,,
76.38,990,,
76.39,1070,,
76.4,1080,,
76.41,1040,,
76.42,1030,,
76.43,1040,,
76.44,1020,,
76.45,1060,,
76.46,1120,,
76.47,1060,,
76.48,1110,,
76.49,1140,,
76.5,1030,,
76.51,1030,,
76.52,1160,,
76.53,1080,,
76.54,1020,,
76.55,1090,,
76.56,1180,,
76.57,1050,,
76.58,1100,,
76.59,1160,,
76.6,1210,,
76.61,1200,,
76.62,1210,,
76.63,1310,,
76.64,1190,,
76.65,1140,,
76.66,1060,,
76.67,1020,,
76.68,1090,,
76.69,1050,,
76.7,1020,,
76.71,1170,,
76.72,1180,,
76.73,1140,,
76.74,1080,,
76.75,1050,,
76.76,1080,,
76.77,1030,,
76.78,1000,,
76.79,990,,
76.8,1020,,
76.81,1080,,
76.82,1180,,
76.83,1170,,
76.84,1040,,
76.85,1060,,
76.86,1040,,
76.87,1040,,
76.88,1080,,
76.89,1060,,
76.9,1020,,
76.91,960,,
76.92,960,,
76.93,900,,
76.94,1000,,
76.95,1080,,
76.96,890,,
76.97,970,,
76.98,1100,,
76.99,1140,,
77,1000,,
77.01,980,,
77.02,960,,
77.03,820,,
77.04,860,,
77.05,990,,
77.06,1020,,
77.07,980,,
77.08,880,,
77.09,770,,
77.1,780,,
77.11,920,,
77.12,970,,
77.13,960,,
77.14,990,,
77.15,950,,
77.16,830,,
77.17,990,,
77.18,1000,,
77.19,1030,,
77.2,1090,,
77.21,1020,,
77.22,920,,
77.23,870,,
77.24,920,,
77.25,890,,
77.26,960,,
77.27,900,,
77.28,880,,
77.29,900,,
77.3,870,,
77.31,910,,
77.32,930,,
77.33,900,,
77.34,930,,
77.35,1020,,
77.36,950,,
77.37,840,,
77.38,850,,
77.39,910,,
77.4,970,,
77.41,1040,,
77.42,1030,,
77.43,1010,,
77.44,1020,,
77.45,970,,
77.46,890,,
77.47,900,,
77.48,930,,
77.49,990,,
77.5,920,,
77.51,840,,
77.52,880,,
77.53,980,,
77.54,1040,,
77.55,930,,
77.56,890,,
77.57,890,,
77.58,900,,
77.59,950,,
77.6,910,,
77.61,890,,
77.62,920,,
77.63,800,,
77.64,960,,
77.65,950,,
77.66,930,,
77.67,990,,
77.68,980,,
77.69,890,,
77.7,960,,
77.71,910,,
77.72,840,,
77.73,980,,
77.74,880,,
77.75,910,,
77.76,950,,
77.77,900,,
77.78,900,,
77.79,1060,,
77.8,980,,
77.81,990,,
77.82,990,,
77.83,990,,
77.84,940,,
77.85,900,,
77.86,910,,
77.87,920,,
77.88,860,,
77.89,940,,
77.9,1010,,
77.91,960,,
77.92,930,,
77.93,940,,
77.94,920,,
77.95,880,,
77.96,980,,
77.97,920,,
77.98,880,,
77.99,910,,
78,900,,
78.01,830,,
78.02,800,,
78.03,870,,
78.04,970,,
78.05,950,,
78.06,1010,,
78.07,880,,
78.08,910,,
78.09,1020,,
78.1,1120,,
78.11,1180,,
78.12,1060,,
78.13,950,,
78.14,920,,
78.15,920,,
78.16,1000,,
78.17,1020,,
78.18,1030,,
78.19,980,,
78.2,990,,
78.21,930,,
78.22,1000,,
78.23,1000,,
78.24,980,,
78.25,970,,
78.26,1000,,
78.27,1130,,
78.28,1140,,
78.29,1080,,
78.3,1000,,
78.31,980,,
78.32,1020,,
78.33,1100,,
78.34,1110,,
78.35,1090,,
78.36,1210,,
78.37,1080,,
78.38,1130,,
78.39,1300,,
78.4,1400,,
78.41,1200,,
78.42,1200,,
78.43,1290,,
78.44,1250,,
78.45,1130,,
78.46,1130,,
78.47,1110,,
78.48,1270,,
78.49,1390,,
78.5,1360,,
78.51,1440,,
78.52,1420,,
78.53,1440,,
78.54,1370,,
78.55,1440,,
78.56,1520,,
78.57,1460,,
78.58,1480,,
78.59,1430,,
78.6,1510,,
78.61,1500,,
78.62,1590,,
78.63,1580,,
78.64,1680,,
78.65,1590,,
78.66,1760,,
78.67,1790,,
78.68,1810,,
78.69,1780,,
78.7,1770,,
78.71,1880,,
78.72,1740,,
78.73,1790,,
78.74,1810,,
78.75,1860,,
78.76,2010,,
78.77,1960,,
78.78,1920,,
78.79,1970,,
78.8,1930,,
78.81,2090,,
78.82,2080,,
78.83,1870,,
78.84,1900,,
78.85,2020,,
78.86,2120,,
78.87,2030,,
78.88,2110,,
78.89,2130,,
78.9,2210,,
78.91,2250,,
78.92,2300,,
78.93,2190,,
78.94,2100,,
78.95,2170,,
78.96,2220,,
78.97,2320,,
78.98,2250,,
78.99,2130,,
79,2100,,
79.01,2140,,
79.02,2110,,
79.03,2010,,
79.04,2050,,
79.05,2290,,
79.06,2150,,
79.07,2110,,
79.08,2000,,
79.09,1960,,
79.1,1900,,
79.11,1970,,
79.12,1840,,
79.13,1910,,
79.14,1890,,
79.15,1780,,
79.16,1820,,
79.17,1770,,
79.18,1650,,
79.19,1660,,
79.2,1660,,
79.21,1610,,
79.22,1580,,
79.23,1530,,
79.24,1470,,
79.25,1700,,
79.26,1770,,
79.27,1790,,
79.28,1900,,
79.29,1740,,
79.3,1820,,
79.31,1730,,
79.32,1820,,
79.33,1790,,
79.34,2000,,
79.35,2120,,
79.36,2070,,
79.37,2220,,
79.38,2370,,
79.39,2570,,
79.4,2830,,
79.41,2910,,
79.42,3200,,
79.43,3290,,
79.44,3200,,
79.45,3350,,
79.46,3510,,
79.47,3660,,
79.48,3580,,
79.49,3230,,
79.5,3250,,
79.51,3300,,
79.52,2930,,
79.53,2790,,
79.54,2600,,
79.55,2440,,
79.56,2350,,
79.57,2110,,
79.58,2030,,
79.59,2000,,
79.6,1940,,
79.61,1880,,
79.62,1940,,
79.63,2000,,
79.64,1880,,
79.65,2020,,
79.66,2150,,
79.67,2250,,
79.68,2270,,
79.69,2360,,
79.7,2160,,
79.71,2250,,
79.72,2160,,
79.73,2130,,
79.74,2230,,
79.75,2150,,
79.76,1800,,
79.77,1750,,
79.78,1860,,
79.79,1760,,
79.8,1650,,
79.81,1560,,
79.82,1300,,
79.83,1250,,
79.84,1150,,
79.85,1090,,
79.86,1130,,
79.87,1340,,
79.88,1340,,
79.89,1200,,
79.9,1130,,
79.91,1170,,
79.92,1180,,
79.93,1040,,
79.94,980,,
79.95,1050,,
79.96,1050,,
79.97,1100,,
79.98,1080,,
79.99,930,,
80,880,,
80.01,1010,,
80.02,1020,,
80.03,1000,,
80.04,970,,
80.05,910,,
80.06,870,,
80.07,970,,
80.08,920,,
80.09,980,,
80.1,1020,,
80.11,940,,
80.12,880,,
80.13,900,,
80.14,920,,
80.15,950,,
80.16,960,,
80.17,900,,
80.18,850,,
80.19,870,,
80.2,950,,
80.21,980,,
80.22,990,,
80.23,940,,
80.24,940,,
80.25,900,,
80.26,890,,
80.27,950,,
80.28,890,,
80.29,900,,
80.3,850,,
80.31,850,,
80.32,930,,
80.33,900,,
80.34,950,,
80.35,960,,
80.36,860,,
80.37,910,,
80.38,920,,
80.39,790,,
80.4,940,,
80.41,910,,
80.42,780,,
80.43,860,,
80.44,910,,
80.45,880,,
80.46,1030,,
80.47,1010,,
80.48,950,,
80.49,900,,
80.5,950,,
80.51,920,,
80.52,830,,
80.53,880,,
80.54,880,,
80.55,930,,
80.56,840,,
80.57,870,,
80.58,820,,
80.59,950,,
80.6,920,,
80.61,860,,
80.62,920,,
80.63,990,,
80.64,1080,,
80.65,1010,,
80.66,950,,
80.67,870,,
80.68,820,,
80.69,870,,
80.7,790,,
80.71,870,,
80.72,910,,
80.73,940,,
80.74,870,,
80.75,740,,
80.76,790,,
80.77,1000,,
80.78,880,,
80.79,980,,
80.8,930,,
80.81,940,,
80.82,960,,
80.83,890,,
80.84,950,,
80.85,920,,
80.86,840,,
80.87,790,,
80.88,890,,
80.89,920,,
80.9,870,,
80.91,800,,
80.92,820,,
80.93,780,,
80.94,770,,
80.95,860,,
80.96,890,,
80.97,890,,
80.98,860,,
80.99,810,,
81,870,,
81.01,840,,
81.02,990,,
81.03,1000,,
81.04,840,,
81.05,780,,
81.06,820,,
81.07,790,,
81.08,850,,
81.09,900,,
81.1,920,,
81.11,900,,
81.12,850,,
81.13,940,,
81.14,850,,
81.15,960,,
81.16,1030,,
81.17,950,,
81.18,840,,
81.19,900,,
81.2,870,,
81.21,880,,
81.22,870,,
81.23,870,,
81.24,940,,
81.25,940,,
81.26,910,,
81.27,960,,
81.28,930,,
81.29,920,,
81.3,930,,
81.31,860,,
81.32,870,,
81.33,900,,
81.34,760,,
81.35,880,,
81.36,840,,
81.37,860,,
81.38,850,,
81.39,900,,
81.4,980,,
81.41,1000,,
81.42,1030,,
81.43,940,,
81.44,970,,
81.45,880,,
81.46,880,,
81.47,890,,
81.48,890,,
81.49,840,,
81.5,780,,
81.51,890,,
81.52,840,,
81.53,1010,,
81.54,920,,
81.55,760,,
81.56,880,,
81.57,930,,
81.58,930,,
81.59,950,,
81.6,850,,
81.61,860,,
81.62,850,,
81.63,960,,
81.64,940,,
81.65,860,,
81.66,990,,
81.67,910,,
81.68,870,,
81.69,1030,,
81.7,970,,
81.71,880,,
81.72,850,,
81.73,900,,
81.74,890,,
81.75,810,,
81.76,800,,
81.77,940,,
81.78,930,,
81.79,890,,
81.8,910,,
81.81,820,,
81.82,810,,
81.83,800,,
81.84,820,,
81.85,950,,
81.86,920,,
81.87,900,,
81.88,810,,
81.89,880,,
81.9,970,,
81.91,810,,
81.92,790,,
81.93,920,,
81.94,910,,
81.95,910,,
81.96,750,,
81.97,810,,
81.98,890,,
81.99,860,,
82,760,,
82.01,930,,
82.02,1030,,
82.03,910,,
82.04,840,,
82.05,840,,
82.06,860,,
82.07,800,,
82.08,790,,
82.09,800,,
82.1,800,,
82.11,860,,
82.12,970,,
82.13,1040,,
82.14,850,,
82.15,740,,
82.16,810,,
82.17,890,,
82.18,810,,
82.19,850,,
82.2,940,,
82.21,910,,
82.22,800,,
82.23,800,,
82.24,920,,
82.25,930,,
82.26,900,,
82.27,790,,
82.28,940,,
82.29,890,,
82.3,850,,
82.31,840,,
82.32,960,,
82.33,930,,
82.34,810,,
82.35,770,,
82.36,880,,
82.37,930,,
82.38,850,,
82.39,850,,
82.4,860,,
82.41,860,,
82.42,920,,
82.43,970,,
82.44,860,,
82.45,840,,
82.46,890,,
82.47,850,,
82.48,820,,
82.49,830,,
82.5,920,,
82.51,970,,
82.52,850,,
82.53,860,,
82.54,860,,
82.55,940,,
82.56,850,,
82.57,740,,
82.58,760,,
82.59,780,,
82.6,940,,
82.61,930,,
82.62,910,,
82.63,950,,
82.64,1030,,
82.65,910,,
82.66,770,,
82.67,740,,
82.68,820,,
82.69,870,,
82.7,850,,
82.71,860,,
82.72,900,,
82.73,850,,
82.74,830,,
82.75,830,,
82.76,900,,
82.77,780,,
82.78,820,,
82.79,910,,
82.8,890,,
82.81,840,,
82.82,900,,
82.83,910,,
82.84,920,,
82.85,980,,
82.86,950,,
82.87,880,,
82.88,860,,
82.89,860,,
82.9,740,,
82.91,850,,
82.92,940,,
82.93,830,,
82.94,890,,
82.95,920,,
82.96,790,,
82.97,740,,
82.98,810,,
82.99,740,,
83,700,,
83.01,910,,
83.02,990,,
83.03,920,,
83.04,790,,
83.05,730,,
83.06,800,,
83.07,780,,
83.08,870,,
83.09,900,,
83.1,880,,
83.11,740,,
83.12,700,,
83.13,870,,
83.14,870,,
83.15,940,,
83.16,920,,
83.17,890,,
83.18,980,,
83.19,840,,
83.2,800,,
83.21,800,,
83.22,850,,
83.23,790,,
83.24,850,,
83.25,920,,
83.26,1000,,
83.27,960,,
83.28,830,,
83.29,880,,
83.3,790,,
83.31,780,,
83.32,830,,
83.33,840,,
83.34,860,,
83.35,860,,
83.36,940,,
83.37,780,,
83.38,730,,
83.39,900,,
83.4,870,,
83.41,870,,
83.42,900,,
83.43,960,,
83.44,900,,
83.45,900,,
83.46,860,,
83.47,850,,
83.48,760,,
83.49,990,,
83.5,830,,
83.51,860,,
83.52,910,,
83.53,900,,
83.54,990,,
83.55,950,,
83.56,860,,
83.57,1000,,
83.58,900,,
83.59,740,,
83.6,790,,
83.61,880,,
83.62,820,,
83.63,830,,
83.64,930,,
83.65,910,,
83.66,720,,
83.67,810,,
83.68,840,,
83.69,940,,
83.7,810,,
83.71,850,,
83.72,910,,
83.73,850,,
83.74,960,,
83.75,810,,
83.76,870,,
83.77,890,,
83.78,780,,
83.79,850,,
83.8,960,,
83.81,850,,
83.82,720,,
83.83,790,,
83.84,880,,
83.85,830,,
83.86,810,,
83.87,910,,
83.88,810,,
83.89,880,,
83.9,870,,
83.91,820,,
83.92,920,,
83.93,920,,
83.94,710,,
83.95,730,,
83.96,890,,
83.97,930,,
83.98,900,,
83.99,880,,
84,750,,
84.01,870,,
84.02,880,,
84.03,790,,
84.04,820,,
84.05,890,,
84.06,750,,
84.07,800,,
84.08,770,,
84.09,900,,
84.1,1040,,
84.11,910,,
84.12,990,,
84.13,920,,
84.14,720,,
84.15,650,,
84.16,840,,
84.17,830,,
84.18,890,,
84.19,850,,
84.2,890,,
84.21,850,,
84.22,850,,
84.23,950,,
84.24,880,,
84.25,880,,
84.26,870,,
84.27,770,,
84.28,890,,
84.29,840,,
84.3,820,,
84.31,810,,
84.32,920,,
84.33,860,,
84.34,850,,
84.35,930,,
84.36,870,,
84.37,780,,
84.38,730,,
84.39,880,,
84.4,910,,
84.41,880,,
84.42,990,,
84.43,940,,
84.44,890,,
84.45,870,,
84.46,920,,
84.47,910,,
84.48,810,,
84.49,740,,
84.5,830,,
84.51,900,,
84.52,950,,
84.53,1000,,
84.54,920,,
84.55,830,,
84.56,830,,
84.57,800,,
84.58,740,,
84.59,930,,
84.6,820,,
84.61,900,,
84.62,860,,
84.63,820,,
84.64,820,,
84.65,890,,
84.66,890,,
84.67,850,,
84.68,800,,
84.69,820,,
84.7,830,,
84.71,900,,
84.72,870,,
84.73,800,,
84.74,740,,
84.75,970,,
84.76,930,,
84.77,860,,
84.78,850,,
84.79,840,,
84.8,880,,
84.81,730,,
84.82,710,,
84.83,780,,
84.84,800,,
84.85,750,,
84.86,810,,
84.87,840,,
84.88,890,,
84.89,950,,
84.9,940,,
84.91,920,,
84.92,880,,
84.93,850,,
84.94,850,,
84.95,760,,
84.96,800,,
84.97,760,,
84.98,650,,
84.99,850,,
85,720,,
85.01,830,,
85.02,890,,
85.03,950,,
85.04,920,,
85.05,870,,
85.06,840,,
85.07,840,,
85.08,850,,
85.09,910,,
85.1,860,,
85.11,750,,
85.12,800,,
85.13,790,,
85.14,770,,
85.15,850,,
85.16,960,,
85.17,980,,
85.18,980,,
85.19,860,,
85.2,780,,
85.21,770,,
85.22,820,,
85.23,790,,
85.24,920,,
85.25,820,,
85.26,930,,
85.27,880,,
85.28,770,,
85.29,910,,
85.3,910,,
85.31,940,,
85.32,830,,
85.33,700,,
85.34,800,,
85.35,890,,
85.36,840,,
85.37,700,,
85.38,820,,
85.39,770,,
85.4,780,,
85.41,940,,
85.42,850,,
85.43,800,,
85.44,880,,
85.45,810,,
85.46,690,,
85.47,810,,
85.48,920,,
85.49,1020,,
85.5,1040,,
85.51,860,,
85.52,820,,
85.53,830,,
85.54,810,,
85.55,810,,
85.56,910,,
85.57,890,,
85.58,740,,
85.59,830,,
85.6,810,,
85.61,920,,
85.62,920,,
85.63,860,,
85.64,950,,
85.65,890,,
85.66,840,,
85.67,820,,
85.68,830,,
85.69,750,,
85.7,790,,
85.71,880,,
85.72,910,,
85.73,890,,
85.74,880,,
85.75,800,,
85.76,840,,
85.77,840,,
85.78,790,,
85.79,910,,
85.8,940,,
85.81,860,,
85.82,880,,
85.83,790,,
85.84,730,,
85.85,840,,
85.86,720,,
85.87,750,,
85.88,860,,
85.89,810,,
85.9,900,,
85.91,850,,
85.92,880,,
85.93,790,,
85.94,720,,
85.95,800,,
85.96,940,,
85.97,900,,
85.98,760,,
85.99,800,,
86,950,,
86.01,930,,
86.02,780,,
86.03,860,,
86.04,710,,
86.05,800,,
86.06,810,,
86.07,870,,
86.08,860,,
86.09,890,,
86.1,810,,
86.11,940,,
86.12,880,,
86.13,930,,
86.14,850,,
86.15,840,,
86.16,870,,
86.17,810,,
86.18,880,,
86.19,890,,
86.2,800,,
86.21,850,,
86.22,880,,
86.23,800,,
86.24,860,,
86.25,850,,
86.26,900,,
86.27,930,,
86.28,880,,
86.29,780,,
86.3,860,,
86.31,860,,
86.32,860,,
86.33,830,,
86.34,840,,
86.35,840,,
86.36,880,,
86.37,830,,
86.38,890,,
86.39,1020,,
86.4,820,,
86.41,750,,
86.42,900,,
86.43,820,,
86.44,750,,
86.45,720,,
86.46,950,,
86.47,870,,
86.48,820,,
86.49,880,,
86.5,870,,
86.51,850,,
86.52,840,,
86.53,770,,
86.54,880,,
86.55,930,,
86.56,890,,
86.57,830,,
86.58,850,,
86.59,890,,
86.6,960,,
86.61,910,,
86.62,840,,
86.63,790,,
86.64,840,,
86.65,830,,
86.66,930,,
86.67,860,,
86.68,820,,
86.69,760,,
86.7,810,,
86.71,780,,
86.72,880,,
86.73,1050,,
86.74,890,,
86.75,880,,
86.76,820,,
86.77,850,,
86.78,860,,
86.79,750,,
86.8,810,,
86.81,870,,
86.82,800,,
86.83,840,,
86.84,770,,
86.85,860,,
86.86,850,,
86.87,910,,
86.88,870,,
86.89,790,,
86.9,890,,
86.91,970,,
86.92,930,,
86.93,830,,
86.94,900,,
86.95,920,,
86.96,830,,
86.97,750,,
86.98,800,,
86.99,860,,
87,800,,
87.01,990,,
87.02,940,,
87.03,810,,
87.04,760,,
87.05,890,,
87.06,880,,
87.07,770,,
87.08,840,,
87.09,960,,
87.1,900,,
87.11,820,,
87.12,860,,
87.13,900,,
87.14,830,,
87.15,830,,
87.16,730,,
87.17,770,,
87.18,850,,
87.19,890,,
87.2,800,,
87.21,820,,
87.22,860,,
87.23,870,,
87.24,840,,
87.25,860,,
87.26,930,,
87.27,860,,
87.28,870,,
87.29,990,,
87.3,940,,
87.31,910,,
87.32,860,,
87.33,850,,
87.34,870,,
87.35,960,,
87.36,1000,,
87.37,950,,
87.38,870,,
87.39,750,,
87.4,800,,
87.41,770,,
87.42,880,,
87.43,880,,
87.44,860,,
87.45,880,,
87.46,940,,
87.47,890,,
87.48,800,,
87.49,830,,
87.5,890,,
87.51,900,,
87.52,770,,
87.53,950,,
87.54,760,,
87.55,830,,
87.56,930,,
87.57,860,,
87.58,960,,
87.59,840,,
87.6,910,,
87.61,930,,
87.62,890,,
87.63,900,,
87.64,950,,
87.65,970,,
87.66,920,,
87.67,840,,
87.68,840,,
87.69,870,,
87.7,850,,
87.71,830,,
87.72,870,,
87.73,920,,
87.74,880,,
87.75,920,,
87.76,890,,
87.77,890,,
87.78,820,,
87.79,910,,
87.8,930,,
87.81,910,,
87.82,870,,
87.83,810,,
87.84,910,,
87.85,920,,
87.86,880,,
87.87,940,,
87.88,880,,
87.89,870,,
87.9,910,,
87.91,890,,
87.92,860,,
87.93,820,,
87.94,950,,
87.95,920,,
87.96,870,,
87.97,880,,
87.98,900,,
87.99,850,,
88,830,,
88.01,800,,
88.02,840,,
88.03,880,,
88.04,840,,
88.05,770,,
88.06,840,,
88.07,870,,
88.08,880,,
88.09,900,,
88.1,830,,
88.11,830,,
88.12,820,,
88.13,750,,
88.14,870,,
88.15,960,,
88.16,820,,
88.17,840,,
88.18,950,,
88.19,1030,,
88.2,950,,
88.21,930,,
88.22,830,,
88.23,800,,
88.24,770,,
88.25,730,,
88.26,820,,
88.27,960,,
88.28,970,,
88.29,1010,,
88.3,890,,
88.31,810,,
88.32,830,,
88.33,760,,
88.34,690,,
88.35,850,,
88.36,950,,
88.37,1020,,
88.38,1010,,
88.39,900,,
88.4,850,,
88.41,920,,
88.42,900,,
88.43,860,,
88.44,920,,
88.45,860,,
88.46,880,,
88.47,900,,
88.48,930,,
88.49,910,,
88.5,940,,
88.51,890,,
88.52,930,,
88.53,1060,,
88.54,1000,,
88.55,900,,
88.56,940,,
88.57,910,,
88.58,930,,
88.59,900,,
88.6,960,,
88.61,1030,,
88.62,970,,
88.63,1110,,
88.64,1060,,
88.65,870,,
88.66,800,,
88.67,920,,
88.68,950,,
88.69,900,,
88.7,840,,
88.71,850,,
88.72,820,,
88.73,800,,
88.74,790,,
88.75,820,,
88.76,990,,
88.77,930,,
88.78,880,,
88.79,910,,
88.8,950,,
88.81,990,,
88.82,920,,
88.83,890,,
88.84,980,,
88.85,970,,
88.86,890,,
88.87,860,,
88.88,940,,
88.89,1030,,
88.9,1050,,
88.91,1050,,
88.92,1130,,
88.93,1130,,
88.94,1060,,
88.95,1020,,
88.96,1050,,
88.97,900,,
88.98,870,,
88.99,940,,
89,1110,,
89.01,1200,,
89.02,1060,,
89.03,1000,,
89.04,1110,,
89.05,1110,,
89.06,1080,,
89.07,1040,,
89.08,1000,,
89.09,1130,,
89.1,1240,,
89.11,1220,,
89.12,1130,,
89.13,1100,,
89.14,1170,,
89.15,1170,,
89.16,1190,,
89.17,1220,,
89.18,1210,,
89.19,1180,,
89.2,1240,,
89.21,1270,,
89.22,1440,,
89.23,1550,,
89.24,1630,,
89.25,1470,,
89.26,1560,,
89.27,1640,,
89.28,1690,,
89.29,1740,,
89.3,1870,,
89.31,1930,,
89.32,2070,,
89.33,2110,,
89.34,2110,,
89.35,2230,,
89.36,2330,,
89.37,2380,,
89.38,2210,,
89.39,2190,,
89.4,2370,,
89.41,2280,,
89.42,2120,,
89.43,2050,,
89.44,2010,,
89.45,1830,,
89.46,1850,,
89.47,1750,,
89.48,1700,,
89.49,1820,,
89.5,1700,,
89.51,1590,,
89.52,1550,,
89.53,1530,,
89.54,1620,,
89.55,1670,,
89.56,1700,,
89.57,1750,,
89.58,1710,,
89.59,1700,,
89.6,1680,,
89.61,1770,,
89.62,1970,,
89.63,1890,,
89.64,1790,,
89.65,1910,,
89.66,1890,,
89.67,1810,,
89.68,1840,,
89.69,1720,,
89.7,1570,,
89.71,1710,,
89.72,1620,,
89.73,1620,,
89.74,1610,,
89.75,1480,,
89.76,1400,,
89.77,1450,,
89.78,1500,,
89.79,1410,,
89.8,1320,,
89.81,1420,,
89.82,1460,,
89.83,1400,,
89.84,1430,,
89.85,1410,,
89.86,1460,,
89.87,1510,,
89.88,1420,,
89.89,1420,,
89.9,1430,,
89.91,1440,,
89.92,1480,,
89.93,1580,,
89.94,1490,,
89.95,1400,,
89.96,1280,,
89.97,1320,,
89.98,1360,,
89.99,1350,,
90,1370,,
